#group,false,false,false,false,false,false,false,false,false
#datatype,double,double,double,double,double,double,double,double,dateTime:RFC3339
#default,,,,,,,,,
,aht_hum,aht_temp,dht11_hum,dht11_temp,dht22_hum,dht22_temp,sht_hum,sht_temp,time
,82.06,21.93,83,21.6,77.9,22.6,77.21,22.23,2025-07-22T07:11:14.860003174Z
,82.1,21.92,82.6,21.7,77.9,22.6,77.24,22.23,2025-07-22T07:12:21.447226814Z
,82.49,21.92,82.2,21.7,77.7,22.6,77.27,22.23,2025-07-22T07:13:14.436452316Z
,82.04,21.95,82,21.8,77.7,22.5,77.14,22.24,2025-07-22T07:14:14.554412405Z
,81.81,21.99,81.9,21.8,77.7,22.5,77.06,22.27,2025-07-22T07:15:14.461878388Z
,81.91,21.99,81.6,21.8,77.5,22.6,77.04,22.29,2025-07-22T07:16:14.575185114Z
,81.78,22.02,81.4,21.9,77.3,22.6,77.14,22.3,2025-07-22T07:17:14.694836403Z
,81.83,22.04,81.3,21.9,77.5,22.7,76.99,22.36,2025-07-22T07:18:14.816669727Z
,81.71,22.04,81.2,22,77.2,22.7,76.97,22.33,2025-07-22T07:19:14.499028533Z
,81.73,22.08,81.1,22,77.1,22.7,76.99,22.37,2025-07-22T07:20:28.027663043Z
,81.69,22.09,81,22,77.3,22.7,77.14,22.36,2025-07-22T07:21:27.034868631Z
,81.93,22.06,81,22,77.1,22.7,77.29,22.34,2025-07-22T07:22:20.073836023Z
,82.05,22.1,81.1,22,77.4,22.7,77.31,22.37,2025-07-22T07:23:18.528570668Z
,82.17,22.1,81.2,22,77.7,22.7,77.25,22.39,2025-07-22T07:24:14.531106556Z
,82.14,22.11,81.3,22,77.6,22.8,77.38,22.4,2025-07-22T07:25:14.532001739Z
,82.09,22.15,81.3,22,77.7,22.8,77.31,22.41,2025-07-22T07:26:19.041666243Z
,82.32,22.11,81.2,22.1,77.5,22.8,77.54,22.41,2025-07-22T07:27:21.917109152Z
,82.27,22.12,81.2,22.1,77.7,22.8,77.41,22.43,2025-07-22T07:28:19.042810617Z
,82.29,22.15,81.2,22.1,77.7,22.7,77.4,22.43,2025-07-22T07:29:17.847368864Z
,82.21,22.16,81.2,22.1,77.7,22.8,77.36,22.44,2025-07-22T07:30:17.053318721Z
,82.2,22.14,81.2,22.1,77.6,22.8,77.34,22.44,2025-07-22T07:31:14.578532019Z
,82.03,22.16,81.1,22.1,77.7,22.9,77.12,22.44,2025-07-22T07:32:14.486792211Z
,81.89,22.17,81,22.1,77.5,22.8,76.93,22.47,2025-07-22T07:33:14.389409374Z
,81.88,22.18,80.9,22.1,77.5,22.9,77.09,22.48,2025-07-22T07:34:14.692579734Z
,82.03,22.18,80.9,22.2,77.3,22.9,77.11,22.47,2025-07-22T07:35:14.501482795Z
,82.03,22.19,80.9,22.2,77.3,22.9,77.09,22.48,2025-07-22T07:36:16.639177425Z
,81.91,22.18,80.9,22.2,77.4,22.9,76.86,22.51,2025-07-22T07:37:14.54194647Z
,81.57,22.22,80.9,22.2,77,22.9,76.76,22.5,2025-07-22T07:38:14.512439435Z
,81.5,22.23,80.9,22.2,77,22.9,76.78,22.51,2025-07-22T07:39:14.520341997Z
,81.34,22.27,80.7,22.2,76.9,22.9,76.67,22.54,2025-07-22T07:40:14.56126329Z
,81.25,22.26,80.5,22.2,76.7,22.9,76.56,22.54,2025-07-22T07:41:17.343154245Z
,81.32,22.24,80.4,22.2,76.7,23,76.6,22.54,2025-07-22T07:42:23.083829389Z
,81.3,22.27,80.4,22.2,76.6,23,76.62,22.57,2025-07-22T07:43:14.548316083Z
,81.46,22.28,80.4,22.2,76.9,22.9,76.7,22.57,2025-07-22T07:44:14.549608878Z
,81.35,22.29,80.4,22.2,76.7,23,76.63,22.58,2025-07-22T07:45:14.463148215Z
,81.46,22.3,80.4,22.2,77,22.9,76.76,22.61,2025-07-22T07:46:14.469958218Z
,81.32,22.32,80.3,22.3,76.9,22.9,76.75,22.6,2025-07-22T07:47:14.47250622Z
,81.47,22.31,80.3,22.3,76.8,23,76.87,22.61,2025-07-22T07:48:14.583146558Z
,79.13,22.8,81.3,22.4,75.4,23.3,75.57,22.96,2025-07-22T08:11:30.162890026Z
,78.93,22.9,80.4,22.5,75.2,23.4,75.61,22.95,2025-07-22T08:12:30.050634463Z
,78.64,22.85,79.9,22.6,75.1,23.5,75.38,22.98,2025-07-22T08:13:30.191282992Z
,78.9,22.87,79.4,22.6,74.9,23.4,75.56,22.99,2025-07-22T08:14:30.119872433Z
,78.91,22.9,79.3,22.7,75.3,23.4,75.67,23.02,2025-07-22T08:15:30.175126308Z
,78.53,22.97,79.1,22.8,75,23.5,75.3,23.04,2025-07-22T08:16:30.239731771Z
,78.27,22.93,78.9,22.8,74.8,23.5,75.09,23.05,2025-07-22T08:17:35.384145742Z
,78.13,22.92,78.7,22.8,74.5,23.6,74.95,23.06,2025-07-22T08:18:29.840471595Z
,78.32,22.9,78.4,22.9,74.1,23.6,74.95,23.04,2025-07-22T08:19:30.114233901Z
,78.47,22.89,78.3,22.8,74.1,23.5,75.13,23.05,2025-07-22T08:20:30.280975907Z
,78.66,22.94,78.3,22.8,74.2,23.6,75.26,23.08,2025-07-22T08:21:29.965042906Z
,78.44,23.03,78.5,22.8,74.9,23.6,75.25,23.11,2025-07-22T08:22:30.000189469Z
,78.31,23,78.5,22.9,74.7,23.7,75.07,23.14,2025-07-22T08:23:30.237759218Z
,78.15,22.98,78.3,22.9,74.5,23.7,75,23.15,2025-07-22T08:24:29.982656107Z
,78.3,22.98,78.2,22.9,74.4,23.7,75.01,23.14,2025-07-22T08:25:30.199322626Z
,78.28,23.01,78.2,22.9,73.8,23.6,75,23.14,2025-07-22T08:26:30.037558038Z
,78.02,23.06,78.2,23,74.4,23.7,74.93,23.22,2025-07-22T08:27:32.881759421Z
,77.8,23.11,78.2,23,74.2,23.7,74.69,23.23,2025-07-22T08:28:30.098793426Z
,77.81,23.03,78.1,23.1,74.2,23.8,74.4,23.22,2025-07-22T08:29:30.190888059Z
,77.77,23.05,77.8,23,73.7,23.8,74.66,23.22,2025-07-22T08:30:36.378298268Z
,77.65,23.03,77.8,23,74.2,23.8,74.44,23.19,2025-07-22T08:31:30.099316986Z
,77.69,23.11,77.8,23,73.9,23.7,74.57,23.29,2025-07-22T08:32:30.092874699Z
,77.31,23.15,77.8,23,73.9,23.8,74.16,23.25,2025-07-22T08:33:29.944678755Z
,76.82,23.01,77.4,23.1,73.4,23.8,73.53,23.23,2025-07-22T08:34:30.115349099Z
,77.17,23.06,77,23,72.7,23.8,73.94,23.25,2025-07-22T08:35:29.982243583Z
,76.78,23.23,77.2,23,73.2,23.8,73.73,23.3,2025-07-22T08:36:30.275009324Z
,76.3,23.34,77.1,23,73.2,23.8,73.92,23.36,2025-07-22T08:37:29.986128049Z
,75.93,23.45,77.2,23.1,73.5,23.8,73.98,23.39,2025-07-22T08:38:30.12335264Z
,75.62,23.37,77,23.2,73.4,23.9,73.46,23.36,2025-07-22T08:39:29.881772869Z
,75.58,23.33,75.6,23.2,71.5,24.1,74.69,23.49,2025-07-22T08:43:31.569034408Z
,75.36,23.55,75.9,23.2,73.3,24,72.63,23.52,2025-07-22T08:44:52.687511324Z
,74.6,23.33,76,23.2,71.8,24,72.08,23.54,2025-07-22T08:45:31.475350231Z
,75.06,23.3,75.6,23.2,71.5,23.9,72.03,23.56,2025-07-22T08:46:31.467327865Z
,75.01,23.28,75.5,23.2,71.8,23.9,71.83,23.57,2025-07-22T08:47:31.592704035Z
,75.14,23.26,75.5,23.2,71.5,23.9,72,23.6,2025-07-22T08:48:31.71676583Z
,75.21,23.28,75.5,23.2,71.9,24,71.99,23.59,2025-07-22T08:49:31.388837708Z
,75.98,23.33,75.6,23.2,72,23.9,72.81,23.64,2025-07-22T08:50:34.084011317Z
,75.61,23.33,76.6,23.3,72.4,24,72.29,23.67,2025-07-22T08:51:31.403987552Z
,75.5,23.32,75.8,23.3,72.3,23.9,72.13,23.66,2025-07-22T08:52:31.510693262Z
,76.32,23.33,75.6,23.3,71.9,24,72.78,23.69,2025-07-22T08:53:31.412161908Z
,76.75,23.45,75.8,23.3,72.4,24,72.08,23.67,2025-07-22T08:54:31.427268202Z
,75.07,23.43,75.5,23.3,71.8,24.1,71.93,23.66,2025-07-22T08:55:31.463963007Z
,74.91,23.44,75.3,23.3,71.5,23.9,72,23.66,2025-07-22T08:56:34.812869077Z
,74.77,23.42,75.4,23.3,71.7,24,71.96,23.64,2025-07-22T08:57:32.591910171Z
,75.87,23.57,75.1,23.3,71.5,24,72.98,23.92,2025-07-22T08:58:31.374081387Z
,74.61,23.47,79.7,23.6,72,24.1,71.6,23.78,2025-07-22T08:59:31.613924406Z
,74.3,23.51,75.6,23.5,71.3,24.1,71.41,23.78,2025-07-22T09:00:31.379589852Z
,74.22,23.47,74.8,23.5,70.9,24.2,71.51,23.73,2025-07-22T09:01:31.370933347Z
,74.47,23.47,74.6,23.4,71.1,24.2,71.93,23.69,2025-07-22T09:02:31.588052957Z
,74.37,23.42,74.6,23.4,71.2,24.1,71.47,23.67,2025-07-22T09:03:31.38407413Z
,74.71,23.4,74.5,23.3,71.2,24,71.7,23.64,2025-07-22T09:04:31.413877178Z
,74.51,23.44,74.9,23.3,71.4,24,71.7,23.64,2025-07-22T09:05:31.615723992Z
,74.59,23.41,74.9,23.3,71.7,24,71.68,23.67,2025-07-22T09:06:31.527005624Z
,75.02,23.44,74.9,23.3,71.4,24,72.26,23.67,2025-07-22T09:07:31.411996607Z
,74.59,23.45,74.9,23.4,70.9,24.2,71.57,23.69,2025-07-22T09:11:09.15199229Z
,74.3,23.45,74.8,23.3,71.1,24.1,71.52,23.67,2025-07-22T09:12:06.2593452Z
,74.28,23.47,74.7,23.3,71.2,24.1,71.56,23.67,2025-07-22T09:13:06.265289637Z
,74.42,23.4,74.8,23.3,71.1,24,71.62,23.64,2025-07-22T09:14:06.277290431Z
,74.65,23.39,74.6,23.3,71.6,24,71.69,23.64,2025-07-22T09:15:06.282750315Z
,74.79,23.38,74.8,23.3,71.5,23.9,71.89,23.66,2025-07-22T09:16:09.25333553Z
,75.28,23.36,75.2,23.2,72,23.9,71.94,23.62,2025-07-22T09:17:06.607819321Z
,74.82,23.29,75.3,23.2,72.3,23.8,71.87,23.56,2025-07-22T09:18:06.207207854Z
,75.08,23.27,75.2,23.2,72.1,23.8,72.05,23.53,2025-07-22T09:19:06.223502795Z
,75.38,23.19,75.4,23.1,72.3,23.6,72.14,23.52,2025-07-22T09:20:06.339680082Z
,75.37,23.28,75.5,23.1,72.6,23.7,72.16,23.52,2025-07-22T09:21:06.23741555Z
,75.26,23.29,75.6,23.1,72.9,23.7,72.18,23.5,2025-07-22T09:22:06.339758906Z
,75.92,23.32,75.7,23.1,72.6,23.7,72.71,23.57,2025-07-22T09:23:06.233163875Z
,75.57,23.34,76.3,23.1,73.3,23.7,72.4,23.56,2025-07-22T09:24:06.3465717Z
,75.31,23.33,76,23.1,72.9,23.8,72.17,23.59,2025-07-22T09:25:06.244272026Z
,75.57,23.28,75.8,23.2,72.3,23.9,72.38,23.57,2025-07-22T09:26:06.35627575Z
,75.44,23.31,75.7,23.2,72.9,23.8,72.22,23.57,2025-07-22T09:27:06.659880099Z
,75.55,23.27,75.7,23.2,72.6,23.7,72.4,23.57,2025-07-22T09:28:06.483113194Z
,75.56,23.27,75.7,23.2,72.5,23.9,72.31,23.56,2025-07-22T09:29:06.280680924Z
,75.71,23.3,75.9,23.1,72.5,23.8,72.4,23.59,2025-07-22T09:30:06.484103225Z
,75.67,23.31,75.9,23.2,72.5,23.8,72.48,23.57,2025-07-22T09:31:06.317701332Z
,76.22,23.4,75.9,23.2,72.5,24,72.72,23.63,2025-07-22T09:32:06.22579738Z
,75.6,23.4,76.1,23.3,72.9,23.9,72.27,23.62,2025-07-22T09:33:06.20263702Z
,75.53,23.36,75.8,23.3,72.1,23.9,72.36,23.62,2025-07-22T09:34:06.528870348Z
,75.41,23.39,75.7,23.3,72.3,24,72.35,23.64,2025-07-22T09:35:06.221310859Z
,75.4,23.35,75.6,23.3,72.3,23.9,72.3,23.63,2025-07-22T09:36:06.341490695Z
,75.61,23.35,75.5,23.3,72.3,24,72.29,23.62,2025-07-22T09:37:06.236987105Z
,75.7,23.32,75.5,23.3,72.4,23.9,72.36,23.62,2025-07-22T09:38:09.308958874Z
,75.68,23.33,75.7,23.2,72.6,23.8,72.41,23.6,2025-07-22T09:39:06.34174368Z
,76.01,23.34,75.9,23.2,72.7,23.8,72.79,23.6,2025-07-22T09:40:06.267967343Z
,75.54,23.28,75.9,23.2,73.2,23.8,72.25,23.57,2025-07-22T09:41:06.251555423Z
,75.6,23.33,75.9,23.2,72.6,23.8,72.34,23.62,2025-07-22T09:42:06.151334164Z
,75.58,23.41,75.9,23.2,72.7,23.8,72.18,23.7,2025-07-22T09:43:06.264641212Z
,75.22,23.44,75.8,23.3,72.4,23.8,72.06,23.69,2025-07-22T09:44:06.274705756Z
,75.03,23.45,75.6,23.3,72.1,23.9,72.03,23.73,2025-07-22T09:45:06.296933044Z
,75.34,23.44,75.5,23.3,71.9,24,72.35,23.73,2025-07-22T09:46:06.298879775Z
,75.12,23.43,75.5,23.3,72.2,24,72.08,23.69,2025-07-22T09:47:06.299584779Z
,75.22,23.41,75.3,23.3,72.2,24,72.16,23.69,2025-07-22T09:48:06.315029625Z
,75.28,23.47,75.5,23.3,72.1,24,72.22,23.71,2025-07-22T09:49:06.309197512Z
,75.27,23.53,75.5,23.3,72,24,72.31,23.76,2025-07-22T09:50:06.311588141Z
,74.84,23.57,75.6,23.4,72.2,24,72.06,23.76,2025-07-22T09:51:06.430718888Z
,74.56,23.6,75.4,23.4,71.9,24.1,71.75,23.77,2025-07-22T09:52:06.223257179Z
,74.62,23.58,75.1,23.5,71.6,24.1,71.92,23.81,2025-07-22T09:53:06.44190767Z
,74.52,23.63,75,23.5,71.5,24.2,71.76,23.83,2025-07-22T09:54:06.249756592Z
,74.31,23.62,74.9,23.5,71.4,24.2,71.67,23.83,2025-07-22T09:55:08.315305721Z
,74.32,23.65,74.8,23.5,71.1,24.2,71.64,23.86,2025-07-22T09:56:10.325944954Z
,74.33,23.72,74.7,23.6,71.2,24.3,71.71,23.87,2025-07-22T09:57:06.260982911Z
,74.24,23.71,74.7,23.6,71.3,24.3,71.85,23.9,2025-07-22T09:58:06.367954587Z
,74.24,23.72,74.7,23.6,71.3,24.3,71.69,23.88,2025-07-22T09:59:06.700099801Z
,74.44,23.73,74.7,23.6,71.1,24.3,72.13,23.92,2025-07-22T10:00:06.385972223Z
,73.86,23.75,74.8,23.7,71.4,24.3,71.13,23.94,2025-07-22T10:01:06.517074665Z
,73.6,23.76,74.3,23.7,70.4,24.4,70.97,23.96,2025-07-22T10:02:06.204466735Z
,73.52,23.74,74.1,23.7,70.4,24.3,70.93,23.96,2025-07-22T10:03:09.291469911Z
,73.53,23.73,73.9,23.7,70.4,24.4,70.88,23.96,2025-07-22T10:04:06.252588944Z
,73.56,23.72,73.8,23.7,70.3,24.4,70.91,23.96,2025-07-22T10:05:06.735375967Z
,73.31,23.76,73.9,23.6,70.4,24.3,70.84,23.96,2025-07-22T10:06:06.249404777Z
,73.35,23.75,73.9,23.6,70.5,24.4,70.77,23.97,2025-07-22T10:07:06.534934522Z
,73.17,23.74,73.7,23.6,70.2,24.3,70.77,23.96,2025-07-22T10:08:06.262384532Z
,73.28,23.82,73.7,23.6,70.3,24.4,71.05,24,2025-07-22T10:09:06.381133454Z
,72.92,23.85,73.8,23.7,70.8,24.4,70.46,24.03,2025-07-22T10:10:06.362965839Z
,72.73,23.85,73.6,23.7,69.8,24.4,70.47,24.05,2025-07-22T10:11:06.355119387Z
,72.65,23.86,73.3,23.8,69.9,24.4,70.29,24.04,2025-07-22T10:12:06.469748412Z
,72.74,23.8,73.2,23.7,69.8,24.4,70.3,24.07,2025-07-22T10:13:06.369422465Z
,72.67,23.83,73.2,23.7,69.8,24.4,70.27,24.05,2025-07-22T10:14:06.287966459Z
,72.69,23.84,73.2,23.7,69.7,24.4,70.28,24.04,2025-07-22T10:15:06.321483314Z
,72.55,23.83,73.2,23.7,69.8,24.3,70.13,24.07,2025-07-22T10:16:06.298448932Z
,72.64,23.87,73.1,23.7,69.6,24.4,69.83,24.17,2025-07-22T10:17:06.303767066Z
,72.13,23.91,73.7,23.8,69.5,24.4,69.67,24.1,2025-07-22T10:18:06.229424381Z
,72.08,23.93,72.9,23.7,69.5,24.4,69.83,24.11,2025-07-22T10:19:06.312466303Z
,72.06,23.93,72.7,23.8,69.8,24.4,69.87,24.14,2025-07-22T10:20:06.416464788Z
,72.08,23.99,72.7,23.9,69.4,24.4,68.93,24.87,2025-07-22T10:21:06.341123856Z
,70.33,24.3,72.6,23.9,66.8,25.4,64.06,26.15,2025-07-22T10:22:06.245362712Z
,69.1,24.41,69.5,25,59.9,27.4,63.53,25.84,2025-07-22T10:23:06.235412741Z
,69.28,24.37,65.5,25.8,59.1,27.5,64.6,25.43,2025-07-22T10:24:06.544929671Z
,68.84,24.27,65.7,25.4,60.5,26.7,64.95,25.14,2025-07-22T10:25:06.277178468Z
,69.08,24.19,66.2,25,61.4,26.2,65.6,24.93,2025-07-22T10:26:06.251281013Z
,68.71,24.2,67,24.7,62.8,25.8,65.59,24.79,2025-07-22T10:27:06.318246212Z
,68.32,24.17,67.4,24.6,63.4,25.6,65.51,24.73,2025-07-22T10:28:06.377611027Z
,68.19,24.2,67.7,24.4,63.6,25.3,65.33,24.72,2025-07-22T10:29:06.437709942Z
,68.02,24.22,67.8,24.3,64,25.1,65.66,24.69,2025-07-22T10:30:09.067806731Z
,68,24.27,67.9,24.3,64.4,25.1,65.91,24.66,2025-07-22T10:31:06.604862078Z
,67.9,24.23,68,24.3,64.8,25.1,65.76,24.62,2025-07-22T10:32:06.396648505Z
,68.05,24.22,67.9,24.3,64.9,25,65.96,24.62,2025-07-22T10:33:06.33285501Z
,67.67,24.25,68.2,24.2,65,24.9,65.62,24.62,2025-07-22T10:34:06.446611438Z
,66.96,24.25,68.1,24.2,64.7,24.9,65.38,24.58,2025-07-22T10:35:06.214977524Z
,66.97,24.2,67.6,24.2,64.4,24.9,65.12,24.54,2025-07-22T10:36:06.231218798Z
,66.92,24.26,67.4,24.1,64.1,24.9,65.29,24.55,2025-07-22T10:37:06.248264877Z
,66.91,24.23,67.5,24.2,64.5,24.9,65.3,24.49,2025-07-22T10:38:06.353311091Z
,66.78,24.19,67.4,24.2,64.5,24.9,65.12,24.51,2025-07-22T10:39:06.463926606Z
,66.54,24.18,67.3,24.1,64.5,24.7,64.99,24.49,2025-07-22T10:40:06.529969516Z
,66.81,24.17,67.1,24.1,64.4,24.7,65.31,24.45,2025-07-22T10:41:06.267776725Z
,66.74,24.16,67.5,24,64.6,24.7,64.98,24.45,2025-07-22T10:42:06.275647175Z
,66.93,24.13,67.3,24,64.5,24.7,65.28,24.39,2025-07-22T10:43:06.476422366Z
,67.13,24.18,67.4,24,64.7,24.7,65.33,24.44,2025-07-22T10:44:06.278162636Z
,66.57,24.22,67.7,24,64.7,24.6,65.09,24.45,2025-07-22T10:45:06.299439983Z
,66.27,24.2,67.5,24,64.4,24.6,64.86,24.44,2025-07-22T10:46:06.296210703Z
,66.28,24.23,67.2,24,64.2,24.6,64.95,24.45,2025-07-22T10:47:06.352185784Z
,66.1,24.26,67.2,24,64.4,24.7,64.9,24.49,2025-07-22T10:48:07.33238518Z
,65.93,24.28,67.1,24.1,64.4,24.7,64.47,24.49,2025-07-22T10:49:06.420721375Z
,65.88,24.32,66.8,24.1,63.8,24.8,64.63,24.54,2025-07-22T10:50:06.236451078Z
,65.63,24.29,66.7,24.1,63.8,24.7,64.47,24.52,2025-07-22T10:51:06.183488535Z
,65.73,24.32,66.4,24.1,63.7,24.7,64.48,24.52,2025-07-22T10:52:06.555120904Z
,65.46,24.35,66.4,24.2,63.7,24.8,64.42,24.55,2025-07-22T10:53:06.24427925Z
,65.02,24.38,66.4,24.2,63.5,24.8,64.02,24.55,2025-07-22T10:54:06.247547387Z
,65.16,24.39,66.1,24.2,63.1,24.9,64.17,24.59,2025-07-22T10:55:06.570324153Z
,64.79,24.46,66.1,24.2,63.3,24.9,63.81,24.61,2025-07-22T10:56:06.37604647Z
,64.57,24.47,65.7,24.3,63,25,63.67,24.61,2025-07-22T10:57:06.27392571Z
,64.31,24.47,65.5,24.3,62.8,25,63.56,24.64,2025-07-22T10:58:06.17537632Z
,63.61,24.46,65.3,24.3,62.4,24.9,62.53,24.66,2025-07-22T10:59:06.298839893Z
,63.31,24.44,64.5,24.3,61.4,25,62.65,24.66,2025-07-22T11:00:06.288351456Z
,63.29,24.48,64.2,24.3,61.6,25,62.69,24.65,2025-07-22T11:01:06.297665455Z
,63.8,24.53,64.4,24.3,61.6,25,62.9,24.65,2025-07-22T11:02:06.32508557Z
,65,24.53,64.6,24.3,61.8,25,64.01,24.68,2025-07-22T11:03:06.205858071Z
,64.69,24.48,65.2,24.3,62.6,25.1,63.39,24.68,2025-07-22T11:04:06.426663895Z
,64.59,24.49,65.1,24.4,62.2,25,63.55,24.69,2025-07-22T11:05:08.160030676Z
,64.41,24.48,65,24.4,62.3,25.1,63.42,24.75,2025-07-22T11:06:06.330737219Z
,65.04,24.54,65,24.4,62.6,25.1,64.77,24.83,2025-07-22T11:07:09.818050285Z
,65.06,24.66,65.4,24.4,63,25.1,63.27,24.96,2025-07-22T11:08:06.654645421Z
,64.3,24.74,65.2,24.6,61.8,25.2,62.68,25.07,2025-07-22T11:09:06.255028765Z
,65.65,24.95,64.6,24.6,61.6,25.3,63.42,25.2,2025-07-22T11:10:06.380353241Z
,60.1,25.14,66.2,24.7,62.3,25.3,60.33,25.34,2025-07-22T11:11:06.39378959Z
,59.01,25.18,63,24.8,60.3,25.3,59.83,25.37,2025-07-22T11:12:06.273811966Z
,55.39,26.94,60.1,26.3,57.5,27.1,55.18,27.41,2025-07-22T11:49:11.921786798Z
,55.63,26.96,56.3,27,53.3,27.8,55.04,27.41,2025-07-22T11:50:12.014784959Z
,55.4,26.96,56.3,27.1,53.3,27.9,55.05,27.41,2025-07-22T11:51:12.221342874Z
,55.53,26.98,56.1,27.1,53.3,27.9,55.04,27.44,2025-07-22T11:52:11.81786402Z
,56.6,27.05,56.3,27.1,53.5,27.9,56.81,27.49,2025-07-22T11:53:12.132557246Z
,55.67,27.13,57.1,27.1,55.9,27.9,55.45,27.54,2025-07-22T11:54:12.038927367Z
,54.39,27.2,56.4,27.2,52.7,28.2,54.32,27.65,2025-07-22T11:57:32.854977781Z
,54.28,27.31,55.6,27.3,52.8,28.1,54.28,27.72,2025-07-22T12:03:39.746078938Z
,54.22,27.34,55.6,27.3,53,28.1,53.81,27.7,2025-07-22T12:04:32.589084028Z
,54.34,27.37,55.8,27.3,53.3,28,54.54,27.7,2025-07-22T12:21:32.699980647Z
,54.45,27.32,55.6,27.3,53.1,28,54.55,27.69,2025-07-22T12:22:32.605374802Z
,54.67,27.3,55.6,27.3,52.9,28,54.8,27.68,2025-07-22T12:23:32.611412419Z
,54.75,27.29,55.8,27.3,53.2,28,54.64,27.66,2025-07-22T12:24:32.823468902Z
,54.97,27.28,55.8,27.3,53.3,28,54.9,27.65,2025-07-22T12:25:32.524100603Z
,54.85,27.28,56,27.2,53.7,28,54.77,27.65,2025-07-22T12:26:32.630865268Z
,54.97,27.32,56,27.2,53.6,27.9,54.94,27.68,2025-07-22T12:27:32.652329883Z
,55.03,27.38,56.1,27.2,54,28,54.99,27.7,2025-07-22T12:28:32.985945043Z
,54.95,27.35,56.2,27.3,53.8,28,55.02,27.7,2025-07-22T12:29:32.653332006Z
,55.39,27.33,56,27.3,53.8,28,55.4,27.65,2025-07-22T12:30:32.661064597Z
,55.39,27.29,56.3,27.3,54.2,28.1,55.12,27.65,2025-07-22T12:31:32.784372648Z
,55.18,27.31,56.2,27.3,53.9,28.1,55.11,27.7,2025-07-22T12:32:32.570125574Z
,55.41,27.35,56.2,27.3,53.6,28,55.4,27.66,2025-07-22T12:33:32.886178666Z
,55.12,27.34,56.3,27.3,54.1,28.1,55.18,27.68,2025-07-22T12:34:32.583942982Z
,55.33,27.33,56.2,27.3,54,28,55.27,27.66,2025-07-22T12:35:32.590491349Z
,55.29,27.3,56.3,27.3,54,28,55.27,27.65,2025-07-22T12:36:33.025696557Z
,55.58,27.3,56.3,27.3,54,28,55.49,27.62,2025-07-22T12:37:32.603200848Z
,55.74,27.3,56.6,27.2,54.2,27.9,55.53,27.66,2025-07-22T12:38:32.508366857Z
,55.73,27.32,56.7,27.2,54.4,28,55.63,27.65,2025-07-22T12:39:32.619573864Z
,55.47,27.33,56.7,27.2,54.4,28,55.32,27.65,2025-07-22T12:40:32.622209137Z
,55.52,27.31,56.5,27.3,53.9,28.1,55.46,27.65,2025-07-22T12:41:32.737009803Z
,55.6,27.35,56.5,27.3,54.3,28,55.49,27.65,2025-07-22T12:42:32.536194674Z
,55.5,27.31,56.5,27.3,54.3,28,55.49,27.63,2025-07-22T12:43:32.646235343Z
,55.52,27.28,56.5,27.3,54.3,28,55.36,27.63,2025-07-22T12:44:32.548945482Z
,55.39,27.26,56.5,27.3,53.9,28,55.32,27.63,2025-07-22T12:45:32.867028589Z
,55.56,27.28,56.4,27.2,54.1,28,55.82,27.63,2025-07-22T12:46:32.565973428Z
,55.51,27.26,56.6,27.2,54.7,28,55.31,27.62,2025-07-22T12:47:32.670578213Z
,55.56,27.31,56.5,27.2,54.4,28,55.45,27.63,2025-07-22T12:48:32.578436696Z
,55.71,27.27,56.6,27.3,54.5,28,55.63,27.59,2025-07-22T12:49:32.589270643Z
,55.91,27.25,56.6,27.2,54.2,28,55.66,27.61,2025-07-22T12:50:33.024361318Z
,55.98,27.23,56.7,27.2,54.5,28,55.74,27.61,2025-07-22T12:51:32.597087325Z
,55.93,27.2,56.8,27.2,54.9,27.9,55.58,27.59,2025-07-22T12:52:32.654487719Z
,55.73,27.18,56.8,27.2,54.4,27.9,55.58,27.56,2025-07-22T12:53:32.815188972Z
,55.85,27.19,56.7,27.2,54.5,27.9,55.55,27.58,2025-07-22T12:54:32.719802096Z
,55.79,27.2,56.7,27.2,54.6,27.8,55.55,27.58,2025-07-22T12:55:32.521215226Z
,56.47,27.58,57.5,27.4,55,28.2,56.67,27.73,2025-07-22T13:26:32.834465554Z
,56.24,27.57,57.2,27.5,55,28.2,56.63,27.76,2025-07-22T13:27:32.639623476Z
,56.16,27.6,57.3,27.5,55,28.3,56.27,27.78,2025-07-22T13:28:32.677175925Z
,56.12,27.59,57.2,27.5,54.5,28.3,56.23,27.79,2025-07-22T13:29:32.854703219Z
,55.86,27.67,57.1,27.5,54.7,28.4,56.09,27.84,2025-07-22T13:30:32.550970064Z
,55.69,27.67,57,27.6,54.2,28.3,55.92,27.81,2025-07-22T13:31:32.8817732Z
,55.73,27.66,56.9,27.5,54.3,28.4,55.8,27.79,2025-07-22T13:32:32.874719065Z
,55.73,27.6,56.8,27.5,54.2,28.3,55.95,27.78,2025-07-22T13:33:32.573096007Z
,55.61,27.6,56.8,27.5,54.4,28.3,55.87,27.79,2025-07-22T13:34:32.801631591Z
,55.71,27.62,56.8,27.5,54.5,28.2,55.86,27.79,2025-07-22T13:35:32.794052823Z
,55.46,27.64,56.8,27.5,54.2,28.2,55.62,27.81,2025-07-22T13:36:32.819158936Z
,55.47,27.63,56.6,27.5,54.3,28.3,55.69,27.79,2025-07-22T13:37:32.611171703Z
,55.63,27.64,56.6,27.5,53.8,28.3,55.73,27.84,2025-07-22T13:38:32.634235556Z
,55.35,27.62,56.7,27.5,54.2,28.4,55.61,27.84,2025-07-22T13:39:32.523231312Z
,54.76,27.4,56.6,27.5,53.7,28.3,54.91,27.73,2025-07-22T13:40:32.633519104Z
,55.4,27.55,56,27.4,53.6,28.3,55.37,27.82,2025-07-22T13:41:33.56891238Z
,55.25,27.56,56.5,27.4,54.1,28.1,55.33,27.82,2025-07-22T13:42:33.835016083Z
,55.46,27.67,56.4,27.5,54,28.2,55.35,27.86,2025-07-22T13:43:33.33728604Z
,54.84,27.67,56.5,27.5,53.7,28.3,55.11,27.85,2025-07-22T13:44:32.605710767Z
,55.01,27.68,56.1,27.5,53.3,28.4,55.32,27.89,2025-07-22T13:45:33.333666594Z
,54.9,27.7,56.4,27.5,53.3,28.3,55.34,27.86,2025-07-22T13:46:32.678586518Z
,55.09,27.63,56.2,27.5,53.9,28.3,55.24,27.84,2025-07-22T13:47:32.886593681Z
,55.07,27.62,56.2,27.5,53.7,28.2,55.42,27.81,2025-07-22T13:48:32.585987529Z
,55.05,27.59,56.5,27.4,54.1,28.1,55.41,27.76,2025-07-22T13:49:33.239697531Z
,55.24,27.6,56.5,27.4,54.2,28.1,55.45,27.79,2025-07-22T13:50:33.008162869Z
,55.1,27.61,56.6,27.3,54.6,28.1,55.23,27.76,2025-07-22T13:51:33.080916776Z
,55.02,27.62,56.5,27.3,54.4,28,55.39,27.78,2025-07-22T13:52:32.611537076Z
,54.84,27.65,56.5,27.4,54.3,28.1,55.28,27.82,2025-07-22T13:53:33.130837032Z
,55.04,27.65,56.5,27.4,54.1,28.2,55.27,27.84,2025-07-22T13:54:33.148200511Z
,54.9,27.7,56.4,27.4,53.9,28.2,55.33,27.86,2025-07-22T13:55:33.816615056Z
,55.4,27.96,56.4,27.5,53.9,28.3,55.59,27.99,2025-07-22T13:56:32.967992401Z
,54.38,27.85,56.5,27.7,54.2,28.5,55.02,28.07,2025-07-22T13:58:33.678499391Z
,52.52,28.09,54.2,27.8,52.5,28.5,53.19,28.24,2025-07-22T14:39:04.155202867Z
,52.48,28.07,54.2,27.8,52.2,28.5,53.08,28.24,2025-07-22T14:40:04.059041599Z
,52.58,28.06,54.1,27.8,52.3,28.4,53.18,28.2,2025-07-22T14:41:04.424084975Z
,52.61,28.01,54.2,27.8,52.4,28.4,53.33,28.18,2025-07-22T14:42:04.276219937Z
,52.52,27.97,54.3,27.7,52.5,28.4,53.13,28.18,2025-07-22T14:43:04.079649926Z
,52.93,27.95,54.2,27.7,52.2,28.4,53.45,28.16,2025-07-22T14:44:04.187713217Z
,52.84,27.93,54.5,27.7,52,28.4,53.27,28.12,2025-07-22T14:45:03.990177689Z
,53.3,27.93,54.3,27.7,52.4,28.3,54.04,28.13,2025-07-22T14:46:04.407324408Z
,52.91,27.87,54.1,27.8,51.6,28.6,53.08,28.17,2025-07-22T14:51:16.11531889Z
,52.73,27.85,54.2,27.7,51.7,28.4,53.12,28.13,2025-07-22T14:52:16.121097059Z
,53.01,27.83,54.1,27.7,51.7,28.4,53.23,28.12,2025-07-22T14:53:29.1174286Z
,53.16,27.83,54.3,27.6,52.3,28.3,54.05,28.12,2025-07-22T14:54:27.500540052Z
,54.61,27.9,54.5,27.6,52.5,28.2,54.37,28.17,2025-07-22T14:55:27.512213712Z
,55.16,27.87,55.5,27.6,53.3,28.3,54.52,28.13,2025-07-22T14:56:27.412324351Z
,53.78,27.8,55.6,27.6,53.4,28.4,53.69,28.1,2025-07-22T14:57:27.525608753Z
,53.38,27.75,54.9,27.6,52.8,28.2,53.54,28.09,2025-07-22T14:58:27.426535542Z
,53.37,27.72,54.7,27.6,53,28.2,53.54,28.05,2025-07-22T14:59:27.738959795Z
,53.52,27.68,54.6,27.6,52.8,28.2,53.47,28,2025-07-22T15:00:27.64832938Z
,53.52,27.66,54.6,27.5,52.5,28.1,53.61,27.97,2025-07-22T15:01:27.754138261Z
,53.53,27.59,54.5,27.5,52.9,28,53.68,27.92,2025-07-22T15:03:27.766354706Z
,53.8,27.59,54.6,27.5,53.3,28,53.79,27.9,2025-07-22T15:04:27.465374429Z
,53.74,27.56,54.7,27.5,53.4,28.1,53.83,27.88,2025-07-22T15:05:29.267856569Z
,53.9,27.52,54.6,27.5,53.2,28,53.91,27.82,2025-07-22T15:06:27.480534053Z
,53.91,27.49,54.8,27.5,53.3,28,53.95,27.82,2025-07-22T15:07:27.589446459Z
,54.08,27.45,54.9,27.4,53.2,28,54.01,27.81,2025-07-22T15:08:27.492618422Z
,54.01,27.44,54.9,27.4,53.5,27.8,54.01,27.79,2025-07-22T15:09:28.541651668Z
,54.05,27.44,54.9,27.4,53.4,27.9,53.99,27.78,2025-07-22T15:10:27.403390072Z
,53.98,27.43,54.9,27.4,53.3,27.8,54.06,27.73,2025-07-22T15:11:27.725684285Z
,54.12,27.4,54.9,27.4,53.6,27.8,54.07,27.7,2025-07-22T15:12:27.418540321Z
,54.18,27.4,54.9,27.3,53.3,27.8,54.05,27.69,2025-07-22T15:13:27.851615492Z
,54.09,27.37,54.9,27.3,53.3,27.8,54.11,27.68,2025-07-22T15:14:27.442658738Z
,54.07,27.35,54.9,27.3,53.3,27.8,54.12,27.68,2025-07-22T15:15:27.550394745Z
,54.17,27.33,54.9,27.3,53.5,27.8,54.05,27.66,2025-07-22T15:16:27.445420566Z
,54.17,27.33,55,27.2,53.5,27.7,54.15,27.63,2025-07-22T15:17:27.965946142Z
,54.11,27.3,55,27.2,53.5,27.7,54.07,27.63,2025-07-22T15:18:27.457557233Z
,54,27.29,54.9,27.3,53.6,27.7,54.02,27.61,2025-07-22T15:19:27.468906094Z
,53.96,27.26,54.9,27.2,53.1,27.8,53.7,27.59,2025-07-22T15:20:27.471343531Z
,53.8,27.26,54.8,27.2,53,27.7,53.9,27.58,2025-07-22T15:21:27.479133045Z
,53.82,27.25,54.8,27.2,53.2,27.7,53.98,27.59,2025-07-22T15:22:27.486139236Z
,53.82,27.24,54.8,27.2,53.5,27.7,53.89,27.59,2025-07-22T15:23:27.903130187Z
,53.89,27.25,54.7,27.2,53,27.7,54.01,27.56,2025-07-22T15:24:27.400191488Z
,54.06,27.22,54.8,27.2,53.3,27.7,54,27.56,2025-07-22T15:25:27.504817407Z
,53.91,27.23,54.8,27.2,53.3,27.7,53.91,27.54,2025-07-22T15:26:27.511890199Z
,53.92,27.22,54.7,27.2,53.2,27.7,53.96,27.54,2025-07-22T15:27:27.41761884Z
,53.85,27.22,54.7,27.2,53.2,27.7,53.94,27.55,2025-07-22T15:28:27.731053438Z
,53.84,27.2,54.7,27.2,53,27.7,53.89,27.54,2025-07-22T15:29:27.432556421Z
,53.87,27.21,54.7,27.2,53.1,27.6,53.95,27.52,2025-07-22T15:30:27.5389538Z
,53.85,27.2,54.7,27.2,53.1,27.7,53.93,27.52,2025-07-22T15:31:27.545888847Z
,53.8,27.19,54.7,27.2,53.3,27.7,53.98,27.49,2025-07-22T15:32:27.450870452Z
,53.92,27.2,54.7,27.2,53.3,27.7,54.01,27.49,2025-07-22T15:33:27.55975373Z
,53.81,27.21,54.7,27.2,53.3,27.7,53.96,27.48,2025-07-22T15:34:27.463877838Z
,53.84,27.21,54.7,27.2,53.2,27.7,53.97,27.49,2025-07-22T15:35:27.883617478Z
,53.85,27.19,54.7,27.2,53.1,27.7,53.99,27.48,2025-07-22T15:36:27.478397273Z
,53.77,27.18,54.7,27.2,53.1,27.7,53.96,27.51,2025-07-22T15:37:27.483948698Z
,53.76,27.21,54.7,27.2,53.2,27.7,53.88,27.48,2025-07-22T15:38:27.492896536Z
,53.72,27.18,54.6,27.1,53,27.8,53.85,27.48,2025-07-22T15:39:27.49674073Z
,53.72,27.2,54.6,27.1,52.7,27.6,53.69,27.51,2025-07-22T15:40:27.406805998Z
,51.46,26.95,52.6,26.9,51,27.5,51.6,27.31,2025-07-22T16:08:34.555770839Z
,51.37,26.96,52.5,26.9,51,27.4,51.67,27.27,2025-07-22T16:09:27.495955693Z
,51.4,26.96,52.6,26.9,50.9,27.4,51.59,27.27,2025-07-22T16:10:27.505191101Z
,51.54,26.93,52.5,26.9,50.6,27.4,51.75,27.27,2025-07-22T16:11:27.40938556Z
,51.28,26.93,52.5,26.9,51,27.4,51.52,27.25,2025-07-22T16:12:27.516866529Z
,51.3,26.91,52.3,26.9,50.6,27.4,51.73,27.24,2025-07-22T16:13:27.533237904Z
,51.28,26.93,52.5,26.9,50.8,27.5,51.37,27.25,2025-07-22T16:14:27.531667799Z
,52.05,26.72,52.6,26.8,51.5,27.3,52.1,27.05,2025-07-22T16:47:34.513187998Z
,52.06,26.72,52.7,26.7,51.4,27.2,52.14,27.08,2025-07-22T16:48:27.775423947Z
,52.04,26.73,52.7,26.7,51.4,27.2,52.22,27.05,2025-07-22T16:49:27.45918112Z
,52.23,26.7,52.6,26.8,50.9,27.2,52.34,27.05,2025-07-22T16:50:27.775704483Z
,52.03,26.7,52.7,26.8,51.3,27.2,52.24,27.04,2025-07-22T16:51:27.474973975Z
,52.15,26.71,52.8,26.7,51.6,27.1,52.21,27.05,2025-07-22T16:52:27.788399409Z
,52.22,26.69,52.8,26.7,51.4,27.1,52.2,27.03,2025-07-22T16:53:27.486020581Z
,52.11,26.67,52.7,26.7,51.6,27.1,52.23,27.04,2025-07-22T16:54:27.49446074Z
,52.13,26.67,52.8,26.7,51.5,27.2,52.27,27.03,2025-07-22T16:55:27.558594365Z
,52.17,26.67,52.8,26.7,51.6,27.2,52.28,27.01,2025-07-22T16:56:27.50882691Z
,52.19,26.68,52.8,26.7,51.6,27.2,52.34,27.03,2025-07-22T16:57:27.512689292Z
,52.14,26.69,52.8,26.7,51.7,27.1,52.4,27.04,2025-07-22T16:58:27.520884944Z
,52.3,26.68,52.8,26.7,51.7,27.1,52.36,27.01,2025-07-22T16:59:27.425827305Z
,52.27,26.68,52.8,26.7,51.6,27.1,52.44,27.04,2025-07-22T17:00:27.536113718Z
,52.35,26.68,52.9,26.7,51.7,27.2,52.49,27.04,2025-07-22T17:01:27.545936248Z
,52.27,26.68,52.9,26.7,51.8,27.2,52.47,27.03,2025-07-22T17:02:27.446166667Z
,52.33,26.69,52.9,26.7,51.7,27.2,52.49,27.03,2025-07-22T17:03:27.628508554Z
,52.4,26.7,52.9,26.7,51.7,27.2,52.57,27.01,2025-07-22T17:04:27.458371164Z
,52.51,26.7,53,26.7,51.6,27.1,52.56,27.01,2025-07-22T17:05:27.568003052Z
,52.5,26.68,53,26.7,51.7,27.2,52.61,27.03,2025-07-22T17:06:27.479084434Z
,52.54,26.67,53,26.7,52.1,27.2,52.65,27.04,2025-07-22T17:07:27.584034269Z
,52.51,26.68,53.1,26.7,52,27.2,52.69,27.01,2025-07-22T17:08:27.487084124Z
,52.74,26.7,53.1,26.7,52,27.1,52.74,27.04,2025-07-22T17:09:27.817679079Z
,52.73,26.71,53.2,26.7,51.9,27.2,52.76,27.03,2025-07-22T17:10:27.503554621Z
,52.63,26.7,53.2,26.7,51.7,27.2,52.8,27.03,2025-07-22T17:11:27.507115975Z
,52.63,26.69,53.2,26.7,51.8,27.2,52.81,27.03,2025-07-22T17:12:27.573437335Z
,52.82,26.68,53.3,26.7,51.8,27.3,52.84,27.03,2025-07-22T17:13:30.29079559Z
,52.63,26.7,53.3,26.7,52.1,27.2,52.97,27.03,2025-07-22T17:14:27.529482145Z
,52.86,26.69,53.3,26.7,52.2,27.1,53.01,27.03,2025-07-22T17:15:27.433209423Z
,52.92,26.7,53.4,26.7,52.3,27.1,53.02,27.03,2025-07-22T17:16:27.540846163Z
,53.03,26.71,53.4,26.7,52.1,27.2,53.13,27.01,2025-07-22T17:17:27.444640884Z
,52.99,26.71,53.5,26.7,52.4,27.2,53.16,27.01,2025-07-22T17:18:27.554283693Z
,53.08,26.72,53.5,26.7,52.2,27.3,53.12,27.05,2025-07-22T17:19:27.458284337Z
,53.08,26.69,53.5,26.7,52.4,27.2,53.14,27.04,2025-07-22T17:20:27.567923446Z
,53.2,26.7,53.5,26.7,52.4,27.2,53.18,27.01,2025-07-22T17:21:27.5740188Z
,53.26,26.71,53.6,26.7,52.6,27.2,53.26,27.03,2025-07-22T17:22:27.479074683Z
,53.27,26.71,53.6,26.7,52.4,27.2,53.24,27,2025-07-22T17:23:27.484345809Z
,53.34,26.7,53.7,26.7,52.3,27.2,53.32,27,2025-07-22T17:24:27.800994972Z
,53.35,26.7,53.7,26.7,52.6,27.3,53.31,27.04,2025-07-22T17:25:27.497760688Z
,53.4,26.7,53.7,26.7,52.6,27.1,53.3,27.03,2025-07-22T17:26:27.507228202Z
,53.5,26.71,53.7,26.7,52.7,27.3,53.4,27.04,2025-07-22T17:27:27.516069167Z
,54.69,26.63,54.9,26.6,53.8,27.1,54.51,26.98,2025-07-22T17:56:27.503591178Z
,54.67,26.65,55,26.7,54.1,27.1,54.6,27,2025-07-22T17:57:27.56529373Z
,54.69,26.64,55,26.6,54.1,27.2,54.61,26.98,2025-07-22T17:58:27.51844062Z
,54.85,26.65,55,26.7,54.1,27,54.68,26.97,2025-07-22T17:59:27.525809442Z
,54.98,26.65,55.1,26.6,54.2,27.1,54.71,26.98,2025-07-22T18:00:27.53118967Z
,54.99,26.64,55.2,26.7,54.2,27.1,54.72,26.96,2025-07-22T18:01:27.53807551Z
,55.01,26.65,55.2,26.7,54.2,27.1,54.69,26.98,2025-07-22T18:02:27.545715242Z
,55.03,26.63,55.2,26.7,54.1,27.1,54.75,27,2025-07-22T18:03:27.550025401Z
,55.11,26.63,55.2,26.7,54.4,27.2,54.72,27,2025-07-22T18:04:27.455825223Z
,55.18,26.61,55.2,26.7,54.3,27.1,54.82,26.97,2025-07-22T18:05:27.630603132Z
,55.05,26.62,55.2,26.7,54.4,27.1,54.85,26.98,2025-07-22T18:06:27.472212184Z
,55.18,26.62,55.2,26.7,54.4,27.1,54.88,26.96,2025-07-22T18:07:27.785595083Z
,55.13,26.63,55.3,26.6,54.6,27,54.94,26.97,2025-07-22T18:08:27.483724455Z
,55.23,26.62,55.5,26.7,54.4,27.2,55.01,26.98,2025-07-22T18:09:27.797376454Z
,55.32,26.62,55.5,26.6,54.6,27.2,55.04,26.98,2025-07-22T18:10:27.702007311Z
,55.29,26.61,55.5,26.6,54.8,27.1,55.07,26.93,2025-07-22T18:11:27.506787363Z
,55.31,26.61,55.5,26.6,54.7,27.1,55.01,26.96,2025-07-22T18:12:27.509637055Z
,55.49,26.61,55.5,26.6,54.6,27.1,55.09,26.94,2025-07-22T18:13:27.516818108Z
,55.44,26.61,55.6,26.6,54.6,27,55.11,26.96,2025-07-22T18:14:27.829350467Z
,55.51,26.6,55.6,26.6,54.7,27.1,55.15,26.94,2025-07-22T18:15:27.531940287Z
,55.53,26.6,55.6,26.6,55,27.1,55.22,26.94,2025-07-22T18:16:27.540372523Z
,55.56,26.6,55.7,26.6,55,27,55.27,26.93,2025-07-22T18:17:27.444150379Z
,55.56,26.58,55.7,26.6,55.1,27,55.24,26.93,2025-07-22T18:18:27.552943713Z
,55.72,26.6,55.7,26.6,55.1,27.2,55.29,26.94,2025-07-22T18:19:27.459418405Z
,55.59,26.58,55.8,26.6,54.9,27,55.31,26.94,2025-07-22T18:20:27.565818823Z
,55.7,26.58,55.8,26.6,54.9,27,55.35,26.96,2025-07-22T18:21:27.469068249Z
,55.69,26.57,55.8,26.6,55,27,55.37,26.93,2025-07-22T18:22:27.577713667Z
,55.64,26.56,55.8,26.6,55.1,27,55.38,26.93,2025-07-22T18:23:27.484311306Z
,55.72,26.58,55.9,26.6,55.1,27,55.38,26.94,2025-07-22T18:24:27.592978504Z
,55.8,26.57,55.9,26.6,55.2,27,55.39,26.91,2025-07-22T18:25:27.608371689Z
,55.74,26.57,55.9,26.6,55,27.1,55.36,26.9,2025-07-22T18:26:27.608099069Z
,55.68,26.56,55.9,26.6,55.2,27,55.39,26.91,2025-07-22T18:27:27.821434491Z
,55.7,26.54,55.9,26.6,55.2,27,55.3,26.9,2025-07-22T18:28:27.519717553Z
,55.64,26.55,55.9,26.6,55.2,27.1,55.33,26.91,2025-07-22T18:29:27.55071905Z
,55.63,26.55,55.9,26.6,54.8,27,55.31,26.91,2025-07-22T18:30:27.530591222Z
,55.7,26.54,55.9,26.6,55.2,27,55.35,26.88,2025-07-22T18:31:27.541868343Z
,55.84,26.53,55.9,26.6,55.2,27,55.36,26.88,2025-07-22T18:32:27.442548753Z
,55.79,26.51,55.9,26.6,54.9,27,55.35,26.88,2025-07-22T18:33:27.553922685Z
,55.75,26.55,55.9,26.6,55.1,27,55.38,26.88,2025-07-22T18:34:27.563437653Z
,55.82,26.52,56,26.6,55.2,26.9,55.35,26.88,2025-07-22T18:35:27.46402238Z
,55.66,26.61,56,26.6,55.1,27,55.43,26.9,2025-07-22T18:36:27.676369173Z
,55.6,26.6,56,26.6,55.1,26.9,55.41,26.87,2025-07-22T18:37:27.532784281Z
,55.84,26.55,56,26.6,55.1,27,55.51,26.87,2025-07-22T18:38:27.587760046Z
,55.65,26.61,56,26.5,55.3,27,55.53,26.87,2025-07-22T18:39:28.00348324Z
,55.52,26.67,56,26.6,55.4,27,55.51,26.86,2025-07-22T18:40:27.502356935Z
,55.66,26.59,56.1,26.6,55,27,55.57,26.86,2025-07-22T18:41:27.611517004Z
,55.79,26.54,56.1,26.6,55.4,27,55.56,26.87,2025-07-22T18:42:27.515566486Z
,55.66,26.61,56.1,26.6,55.4,27,55.58,26.87,2025-07-22T18:43:27.521305179Z
,55.47,26.7,56.1,26.5,55.2,27,55.58,26.86,2025-07-22T18:44:27.62776795Z
,55.57,26.72,56.1,26.6,55.2,26.9,55.62,26.86,2025-07-22T18:45:27.540477875Z
,55.49,26.7,56.1,26.6,55.3,27,55.58,26.83,2025-07-22T18:46:27.539929379Z
,55.74,26.62,56.2,26.5,55.3,27,55.64,26.86,2025-07-22T18:47:27.560403531Z
,55.86,26.56,56.2,26.5,55.6,26.9,55.7,26.84,2025-07-22T18:48:27.559742701Z
,56,26.58,56.2,26.5,55.4,26.9,55.67,26.84,2025-07-22T18:49:27.564657834Z
,55.83,26.57,56.2,26.5,55.4,27,55.67,26.83,2025-07-22T18:50:27.56845076Z
,56.12,26.55,56.2,26.5,55.3,26.9,55.66,26.86,2025-07-22T18:51:27.571690487Z
,56.05,26.55,56.2,26.5,55.3,27,55.63,26.83,2025-07-22T18:52:27.576310008Z
,55.96,26.59,56.2,26.5,55.4,27,55.68,26.84,2025-07-22T18:53:27.483074984Z
,55.71,26.65,56.3,26.5,55.3,27,55.69,26.86,2025-07-22T18:54:27.694442599Z
,55.61,26.67,56.3,26.5,55.4,27,55.68,26.86,2025-07-22T18:55:27.599911955Z
,55.58,26.7,56.3,26.6,55.3,26.9,55.66,26.86,2025-07-22T18:56:27.504730027Z
,55.8,26.61,56.3,26.5,55.1,27,55.71,26.86,2025-07-22T18:57:27.818539838Z
,55.93,26.57,56.3,26.6,55.4,27,55.68,26.84,2025-07-22T18:58:27.51773511Z
,56,26.54,56.3,26.5,55.2,27,55.69,26.86,2025-07-22T18:59:27.522418869Z
,56.72,26.5,56.6,26.5,55.8,27,56.16,26.82,2025-07-22T19:17:27.542448903Z
,56.64,26.48,56.8,26.4,55.9,27,56.08,26.83,2025-07-22T19:18:34.614401292Z
,56.7,26.49,56.7,26.5,56,27,56.21,26.83,2025-07-22T19:19:27.452843576Z
,58.2,26.22,58.5,26.1,57.3,26.7,57.71,26.47,2025-07-22T23:08:38.629514966Z
,58.28,26.22,58.5,26.1,57.3,26.6,57.78,26.46,2025-07-22T23:09:27.576148809Z
,58.27,26.21,58.6,26.1,57.5,26.7,57.8,26.47,2025-07-22T23:11:34.757600222Z
,58.25,26.23,58.7,26.1,57.5,26.6,57.81,26.46,2025-07-22T23:12:27.493398935Z
,58.26,26.23,58.7,26.1,57.6,26.6,57.87,26.49,2025-07-22T23:13:27.603477051Z
,58.4,26.24,58.7,26.1,57.5,26.6,57.91,26.49,2025-07-22T23:17:34.695039928Z
,58.44,26.25,58.7,26.1,57.7,26.7,57.9,26.49,2025-07-22T23:18:27.636704308Z
,58.46,26.24,58.7,26.1,57.6,26.7,57.99,26.49,2025-07-22T23:19:27.567536911Z
,58.42,26.22,58.7,26.1,57.8,26.7,57.94,26.5,2025-07-22T23:20:27.857747752Z
,58.52,26.23,58.8,26.1,57.7,26.7,57.96,26.5,2025-07-22T23:21:27.556095914Z
,58.35,26.23,58.8,26.1,57.6,26.7,57.98,26.5,2025-07-22T23:22:34.732551008Z
,58.52,26.22,58.8,26.1,57.6,26.7,57.92,26.5,2025-07-22T23:24:27.579042702Z
,58.53,26.22,58.8,26.1,57.7,26.7,57.96,26.47,2025-07-22T23:25:27.600828826Z
,58.41,26.21,58.8,26.1,57.5,26.7,57.99,26.49,2025-07-22T23:26:27.693256904Z
,58.53,26.22,58.8,26.1,57.7,26.7,57.99,26.47,2025-07-22T23:27:27.743616559Z
,58.51,26.19,58.8,26.1,57.8,26.6,58.05,26.49,2025-07-22T23:28:27.724234596Z
,58.49,26.21,58.8,26.1,57.8,26.7,58.04,26.49,2025-07-22T23:29:27.917313246Z
,58.53,26.18,58.8,26.1,57.7,26.6,57.98,26.47,2025-07-22T23:30:27.717699331Z
,58.57,26.19,58.8,26.1,57.8,26.6,57.97,26.45,2025-07-22T23:31:27.542798482Z
,58.65,26.18,58.9,26.1,57.8,26.6,57.99,26.47,2025-07-22T23:32:27.763080945Z
,58.59,26.18,58.9,26.1,58,26.6,57.94,26.46,2025-07-22T23:33:27.534832625Z
,58.5,26.17,58.8,26.1,57.9,26.6,57.91,26.46,2025-07-22T23:34:27.74625219Z
,58.39,26.15,58.8,26.1,57.7,26.5,57.9,26.46,2025-07-22T23:35:27.572219943Z
,58.34,26.16,58.7,26.1,57.7,26.5,57.82,26.46,2025-07-22T23:36:27.693928667Z
,58.35,26.17,58.7,26.1,57.8,26.6,57.72,26.42,2025-07-22T23:37:27.690333281Z
,58.15,26.17,58.7,26.1,57.8,26.5,57.71,26.43,2025-07-22T23:38:27.875313689Z
,58.25,26.18,58.7,26.1,57.6,26.5,57.72,26.45,2025-07-22T23:39:27.573090686Z
,58.14,26.16,58.6,26.1,57.5,26.5,57.68,26.45,2025-07-22T23:40:27.580758652Z
,58.01,26.17,58.6,26.1,57.6,26.5,57.67,26.43,2025-07-22T23:41:27.589281568Z
,58.12,26.15,58.6,26.1,57.6,26.6,57.66,26.42,2025-07-22T23:42:27.597234937Z
,58.08,26.15,58.5,26.1,57.4,26.5,57.67,26.42,2025-07-22T23:43:27.602059167Z
,58.08,26.13,58.5,26.1,57.3,26.5,57.67,26.45,2025-07-22T23:44:27.608038557Z
,58.12,26.15,58.5,26.1,57.7,26.6,57.69,26.42,2025-07-22T23:45:27.614253518Z
,58.07,26.15,58.5,26.1,57.5,26.4,57.69,26.4,2025-07-22T23:46:27.624464153Z
,58.07,26.15,58.6,26.1,57.5,26.6,57.73,26.42,2025-07-22T23:47:27.526393792Z
,58.15,26.17,58.6,26.1,57.5,26.5,57.76,26.42,2025-07-22T23:48:27.653321616Z
,58.11,26.16,58.6,26.1,57.6,26.5,57.73,26.42,2025-07-22T23:49:27.539728383Z
,58.07,26.16,58.6,26.1,57.5,26.5,57.76,26.4,2025-07-22T23:50:27.650990161Z
,58.05,26.18,58.6,26.1,57.5,26.5,57.74,26.42,2025-07-22T23:51:27.5796793Z
,58.18,26.18,58.6,26.1,57.4,26.6,57.75,26.42,2025-07-22T23:52:27.663010988Z
,58.05,26.19,58.6,26.1,57.6,26.6,57.72,26.42,2025-07-22T23:53:27.567505979Z
,58.05,26.17,58.6,26.1,57.5,26.6,57.72,26.43,2025-07-22T23:54:27.901724437Z
,58.19,26.18,58.6,26.1,57.5,26.6,57.74,26.4,2025-07-22T23:55:27.626168643Z
,58.16,26.19,58.6,26.1,57.6,26.6,57.76,26.4,2025-07-22T23:56:27.894720786Z
,58.06,26.17,58.6,26.1,57.5,26.6,57.74,26.42,2025-07-22T23:57:27.797871275Z
,58.05,26.2,58.6,26.1,57.4,26.5,57.7,26.42,2025-07-22T23:58:27.805739878Z
,58.02,26.18,58.6,26.1,57.6,26.7,57.7,26.43,2025-07-22T23:59:27.544556144Z
,59.87,27.8,61.9,27.4,59.1,28.2,59.25,28.05,2025-07-24T22:59:18.925622984Z
,59.8,27.8,61.5,27.5,58.9,28.3,59.28,28.03,2025-07-24T23:00:18.726978375Z
,59.89,27.82,61.2,27.5,59,28.3,59.3,28.05,2025-07-24T23:01:18.836692529Z
,58.07,26.18,58.5,26.1,57.4,26.6,57.66,26.42,2025-07-23T00:00:27.663378067Z
,58.01,26.19,58.5,26.1,57.4,26.6,57.65,26.43,2025-07-23T00:01:27.621693647Z
,58.04,26.18,58.5,26.1,57.4,26.6,57.61,26.42,2025-07-23T00:02:27.799112739Z
,57.99,26.18,58.5,26.1,57.3,26.5,57.61,26.43,2025-07-23T00:03:27.532983646Z
,57.95,26.19,58.5,26.1,57.4,26.5,57.58,26.45,2025-07-23T00:04:27.743802033Z
,57.85,26.17,58.5,26.1,57.4,26.5,57.57,26.43,2025-07-23T00:05:27.545221185Z
,57.94,26.18,58.5,26.1,57.4,26.6,57.56,26.4,2025-07-23T00:06:27.655237867Z
,57.88,26.17,58.4,26.1,57.3,26.5,57.56,26.42,2025-07-23T00:07:27.561095194Z
,58.03,26.14,58.4,26.1,57.5,26.6,57.57,26.42,2025-07-23T00:08:27.668595599Z
,57.96,26.15,58.4,26.1,57.4,26.6,57.51,26.42,2025-07-23T00:09:27.881341533Z
,57.91,26.16,58.4,26.1,57.3,26.6,57.49,26.42,2025-07-23T00:10:27.580990328Z
,57.96,26.16,58.4,26.1,57.5,26.5,57.46,26.42,2025-07-23T00:11:27.585436676Z
,57.95,26.12,58.3,26.1,57.5,26.6,57.5,26.4,2025-07-23T00:12:27.593231042Z
,57.91,26.14,58.4,26.1,57.4,26.5,57.45,26.4,2025-07-23T00:13:27.704418543Z
,57.9,26.12,58.3,26.1,57.4,26.5,57.46,26.37,2025-07-23T00:14:27.608602532Z
,57.92,26.12,58.3,26.1,57.4,26.5,57.47,26.4,2025-07-23T00:15:27.615870511Z
,57.97,26.12,58.3,26,57.3,26.5,57.49,26.37,2025-07-23T00:16:27.929545279Z
,58,26.11,58.4,26,57.4,26.5,57.5,26.39,2025-07-23T00:17:27.524952579Z
,57.94,26.12,58.4,26,57.4,26.5,57.49,26.36,2025-07-23T00:18:27.739187213Z
,57.98,26.1,58.3,26,57.6,26.6,57.5,26.35,2025-07-23T00:19:27.742073097Z
,57.97,26.09,58.4,26.1,57.6,26.4,57.5,26.36,2025-07-23T00:20:27.546438133Z
,57.89,26.11,58.4,26,57.5,26.5,57.47,26.37,2025-07-23T00:21:27.656987019Z
,57.97,26.09,58.4,26,57.3,26.4,57.44,26.36,2025-07-23T00:22:27.661899976Z
,57.75,26.08,58.3,26,57.4,26.4,57.42,26.35,2025-07-23T00:23:27.771307046Z
,57.83,26.05,58.3,26,57.4,26.4,57.38,26.36,2025-07-23T00:24:27.818989468Z
,57.64,26.07,58.3,26,57.3,26.4,57.38,26.35,2025-07-23T00:25:27.57966988Z
,57.75,26.06,58.2,26,57.3,26.4,57.33,26.33,2025-07-23T00:26:27.585985886Z
,57.77,26.04,58.3,26,57.4,26.4,57.41,26.31,2025-07-23T00:27:27.796825747Z
,57.65,26.06,58.2,26,57.6,26.4,57.35,26.31,2025-07-23T00:28:27.599809597Z
,57.81,26.02,58.2,26,57.3,26.4,57.36,26.29,2025-07-23T00:29:27.606185348Z
,57.61,26.05,58.2,26,57.2,26.3,57.42,26.29,2025-07-23T00:30:27.716613856Z
,57.74,26.02,58.3,25.9,57.5,26.3,57.39,26.26,2025-07-23T00:31:27.619237412Z
,57.92,26.01,58.3,25.9,57.4,26.3,57.41,26.25,2025-07-23T00:32:27.525571631Z
,57.69,25.99,58.3,25.9,57.3,26.3,57.4,26.24,2025-07-23T00:33:27.633672889Z
,57.86,25.99,58.4,25.9,57.3,26.2,57.42,26.22,2025-07-23T00:34:27.538640687Z
,57.75,25.98,58.3,25.9,57.4,26.3,57.39,26.24,2025-07-23T00:35:27.749385396Z
,57.68,25.97,58.3,25.9,57.4,26.2,57.28,26.22,2025-07-23T00:36:27.551497209Z
,57.63,25.97,58.2,25.9,57.2,26.2,57.33,26.22,2025-07-23T00:37:27.661362276Z
,57.8,25.95,58.1,25.9,57.2,26.2,57.29,26.21,2025-07-23T00:38:27.563740474Z
,57.78,25.94,58.1,25.8,57.1,26.3,57.3,26.19,2025-07-23T00:39:27.674323089Z
,57.66,25.94,58.2,25.9,57.3,26.2,57.23,26.16,2025-07-23T00:40:27.57931952Z
,57.59,25.93,58.1,25.8,57.4,26.2,57.2,26.16,2025-07-23T00:41:27.585949616Z
,57.54,25.92,58.1,25.8,57.1,26.2,57.18,26.15,2025-07-23T00:42:27.695368929Z
,57.59,25.93,58.1,25.8,57.1,26.2,57.27,26.16,2025-07-23T00:43:27.601768793Z
,57.56,25.93,58.1,25.8,57,26.2,57.2,26.16,2025-07-23T00:44:27.70949092Z
,57.48,25.91,58.1,25.8,57.1,26.2,57.17,26.14,2025-07-23T00:45:27.612267245Z
,57.55,25.92,58,25.8,57.1,26.2,57.14,26.14,2025-07-23T00:46:27.824615755Z
,57.57,25.91,58,25.8,56.9,26.3,57.12,26.12,2025-07-23T00:47:27.52280709Z
,57.38,25.91,58,25.8,57,26.2,57.11,26.14,2025-07-23T00:48:27.939749898Z
,57.37,25.88,57.9,25.8,56.8,26.2,56.98,26.14,2025-07-23T00:49:27.638781209Z
,57.37,25.89,57.9,25.8,56.8,26.2,57,26.12,2025-07-23T00:50:27.543700975Z
,57.29,25.89,57.9,25.8,56.7,26.2,56.99,26.12,2025-07-23T00:51:27.652655154Z
,57.29,25.88,57.9,25.8,56.8,26.2,56.89,26.12,2025-07-23T00:52:27.558244631Z
,57.23,25.88,57.8,25.8,56.7,26.3,56.94,26.12,2025-07-23T00:53:27.769784175Z
,57.22,25.89,57.8,25.8,56.7,26.2,56.88,26.14,2025-07-23T00:54:27.67445499Z
,57.07,25.89,57.8,25.8,56.5,26.2,56.8,26.11,2025-07-23T00:55:27.576481255Z
,57.09,25.89,57.7,25.8,56.5,26.3,56.77,26.12,2025-07-23T00:56:28.032498365Z
,57.02,25.89,57.7,25.8,56.2,26.3,56.72,26.12,2025-07-23T00:57:27.651020149Z
,56.83,25.91,57.6,25.8,56.5,26.2,56.71,26.14,2025-07-23T00:58:27.598902517Z
,56.82,25.9,57.6,25.8,56.3,26.3,56.59,26.14,2025-07-23T00:59:27.911468485Z
,56.71,25.91,57.6,25.8,56.2,26.3,56.51,26.14,2025-07-23T01:00:27.611641853Z
,56.73,25.9,57.5,25.8,56,26.3,56.5,26.15,2025-07-23T01:01:27.824022496Z
,56.8,25.9,57.5,25.8,56,26.3,56.5,26.15,2025-07-23T01:02:27.531610843Z
,56.75,25.9,57.4,25.8,56.1,26.3,56.48,26.15,2025-07-23T01:03:27.732823227Z
,56.71,25.9,57.4,25.8,56.1,26.3,56.53,26.12,2025-07-23T01:04:27.53564564Z
,56.62,25.88,57.3,25.8,56,26.2,56.23,26.14,2025-07-23T01:05:27.645428287Z
,56.5,25.86,57.2,25.8,55.9,26.3,56.17,26.14,2025-07-23T01:06:27.653499573Z
,56.36,25.87,57.2,25.8,55.7,26.3,56.17,26.15,2025-07-23T01:07:27.657749904Z
,56.42,25.87,57.1,25.8,55.8,26.3,56.1,26.14,2025-07-23T01:08:27.665603385Z
,56.41,25.85,57.1,25.8,56,26.2,56.13,26.11,2025-07-23T01:09:27.672945978Z
,56.55,25.83,57.1,25.8,55.8,26.3,56.01,26.09,2025-07-23T01:10:27.67921409Z
,56.25,25.85,56.9,25.8,55.8,26.3,56.03,26.12,2025-07-23T01:11:27.582305721Z
,56.27,25.85,56.9,25.8,55.4,26.2,55.9,26.11,2025-07-23T01:12:27.589636288Z
,56.21,25.82,56.8,25.8,55.6,26.2,55.93,26.09,2025-07-23T01:13:27.596985272Z
,56.13,25.82,56.8,25.8,55.8,26.1,55.83,26.09,2025-07-23T01:14:27.606009352Z
,56.11,25.82,56.8,25.8,55.4,26.2,55.98,26.09,2025-07-23T01:15:27.612507773Z
,56.1,25.81,56.8,25.8,55.5,26.2,55.76,26.08,2025-07-23T01:16:27.617570311Z
,55.98,25.81,56.7,25.8,55.7,26.2,55.71,26.08,2025-07-23T01:17:27.727661748Z
,55.87,25.8,56.6,25.8,55.6,26.2,55.58,26.08,2025-07-23T01:18:27.528955607Z
,55.81,25.8,56.6,25.8,55.2,26.1,55.62,26.06,2025-07-23T01:19:27.945232327Z
,55.66,25.78,56.5,25.8,55.3,26.2,55.48,26.04,2025-07-23T01:20:27.848484403Z
,55.84,25.79,56.4,25.8,55.1,26.2,55.53,26.05,2025-07-23T01:21:27.550266555Z
,55.72,25.79,56.5,25.7,55.1,26.2,55.46,26.06,2025-07-23T01:22:27.66156793Z
,55.85,25.79,56.5,25.7,55.2,26.2,55.54,26.06,2025-07-23T01:23:27.565535446Z
,55.75,25.81,56.4,25.8,55.2,26.2,55.6,26.04,2025-07-23T01:24:27.672131216Z
,55.75,25.8,56.5,25.7,55.1,26.2,55.56,26.06,2025-07-23T01:25:27.681107797Z
,55.79,25.83,56.5,25.7,55,26.1,55.59,26.08,2025-07-23T01:26:27.581972516Z
,55.71,25.83,56.5,25.7,55.1,26.2,55.64,26.06,2025-07-23T01:27:27.69144134Z
,55.8,25.84,56.5,25.7,55.1,26.2,55.66,26.05,2025-07-23T01:28:27.596629358Z
,55.84,25.83,56.6,25.7,55.1,26.2,55.69,26.08,2025-07-23T01:29:27.707500265Z
,55.83,25.83,56.5,25.8,55.1,26.3,55.72,26.06,2025-07-23T01:30:27.611324467Z
,55.9,25.85,56.5,25.8,55.2,26.2,55.75,26.08,2025-07-23T01:31:27.616642938Z
,55.9,25.86,56.5,25.8,55.2,26.3,55.73,26.09,2025-07-23T01:32:27.726040961Z
,55.81,25.84,56.5,25.8,55.3,26.3,55.73,26.06,2025-07-23T01:33:27.631160431Z
,55.82,25.86,56.5,25.8,55.1,26.3,55.72,26.09,2025-07-23T01:34:27.537118813Z
,55.82,25.86,56.5,25.8,55,26.3,55.67,26.09,2025-07-23T01:35:27.643766353Z
,55.74,25.86,56.5,25.8,55.1,26.3,55.67,26.09,2025-07-23T01:36:27.548045094Z
,55.78,25.88,56.5,25.8,55.1,26.3,55.71,26.09,2025-07-23T01:37:27.758712293Z
,55.86,25.87,56.5,25.8,55,26.3,55.71,26.08,2025-07-23T01:38:27.561257429Z
,55.91,25.85,56.5,25.8,55.2,26.3,55.7,26.08,2025-07-23T01:39:27.671025594Z
,55.9,25.88,56.5,25.8,55.1,26.2,55.7,26.09,2025-07-23T01:40:27.882405584Z
,55.88,25.89,56.5,25.8,55.1,26.3,55.72,26.08,2025-07-23T01:41:27.583022354Z
,55.82,25.86,56.5,25.8,55.1,26.3,55.73,26.08,2025-07-23T01:42:27.691129277Z
,55.9,25.86,56.5,25.8,55,26.3,55.73,26.08,2025-07-23T01:43:27.596491449Z
,55.82,25.85,56.5,25.8,55.3,26.3,55.76,26.06,2025-07-23T01:44:27.601700941Z
,55.97,25.85,56.5,25.8,54.8,26.3,55.68,26.08,2025-07-23T01:45:27.721466109Z
,55.78,25.82,56.5,25.8,55.3,26.2,55.5,26.09,2025-07-23T01:46:27.618027345Z
,55.72,25.81,56.4,25.8,54.9,26.2,55.47,26.08,2025-07-23T01:47:27.625244106Z
,55.73,25.81,56.3,25.8,55.2,26.2,55.49,26.06,2025-07-23T01:48:27.630234623Z
,55.77,25.79,56.4,25.8,55.3,26.2,55.49,26.06,2025-07-23T01:49:27.944208812Z
,55.66,25.78,56.4,25.7,55.2,26.2,55.47,26.04,2025-07-23T01:50:27.662105851Z
,55.72,25.77,56.4,25.7,55,26.2,55.45,26.04,2025-07-23T01:51:27.547178943Z
,55.74,25.77,56.4,25.7,55,26.2,55.5,26.04,2025-07-23T01:52:27.659050115Z
,55.67,25.78,56.4,25.7,55.2,26.2,55.45,26.04,2025-07-23T01:53:27.711181924Z
,55.84,25.78,56.4,25.7,55.1,26.2,55.56,26.04,2025-07-23T01:54:27.567523268Z
,55.74,25.78,56.4,25.7,55.1,26.2,55.52,26.02,2025-07-23T01:55:27.67781086Z
,55.64,25.78,56.4,25.7,54.9,26.2,55.54,26.05,2025-07-23T01:56:27.581171368Z
,55.72,25.77,56.4,25.7,55.2,26.2,55.53,26.04,2025-07-23T01:57:27.943135717Z
,55.83,25.78,56.4,25.7,55.2,26.2,55.57,26.04,2025-07-23T01:58:27.901426316Z
,55.88,25.77,56.4,25.7,55.1,26.2,55.53,26.02,2025-07-23T01:59:27.602251175Z
,55.79,25.78,56.4,25.7,55.1,26.2,55.58,26.04,2025-07-23T02:00:27.919136926Z
,55.9,25.75,56.4,25.7,55,26.1,55.66,26.04,2025-07-23T02:01:27.718579512Z
,55.98,25.77,56.5,25.7,55.3,26.2,55.6,26.04,2025-07-23T02:02:27.621734461Z
,55.92,25.76,56.5,25.7,55.1,26.1,55.65,26.02,2025-07-23T02:03:27.526229882Z
,55.84,25.77,56.5,25.7,55.3,26.1,55.67,26.02,2025-07-23T02:04:27.636244136Z
,56.01,25.75,56.5,25.7,55.3,26.2,55.66,26.02,2025-07-23T02:05:27.540180092Z
,56.1,25.75,56.5,25.7,55.2,26.2,55.73,26.02,2025-07-23T02:06:27.752094552Z
,56.04,25.73,56.5,25.7,55.5,26.2,55.78,26.01,2025-07-23T02:07:27.552823538Z
,56.12,25.71,56.5,25.7,55.5,26.2,55.85,25.99,2025-07-23T02:08:27.662428408Z
,56.4,25.71,56.6,25.7,55.4,26.1,55.99,25.98,2025-07-23T02:09:27.566543452Z
,56.39,25.69,56.7,25.6,55.8,26.1,56,25.98,2025-07-23T02:10:27.677205443Z
,56.3,25.69,56.7,25.6,55.9,26,56.04,25.96,2025-07-23T02:11:27.684976747Z
,56.55,25.69,56.8,25.6,56,26,56.12,25.98,2025-07-23T02:12:27.587599718Z
,56.5,25.68,56.8,25.6,56.2,26.1,56.19,25.95,2025-07-23T02:13:27.90089231Z
,56.74,25.67,56.9,25.6,56.1,26,56.35,25.95,2025-07-23T02:14:27.650658412Z
,56.77,25.67,57,25.6,56.4,26,56.51,25.94,2025-07-23T02:15:27.709705451Z
,56.91,25.69,57.2,25.6,56.5,26,56.55,25.92,2025-07-23T02:16:27.616009926Z
,56.93,25.68,57.2,25.6,56.4,25.9,56.61,25.92,2025-07-23T02:17:27.723887386Z
,56.92,25.67,57.2,25.6,56.7,26,56.62,25.91,2025-07-23T02:18:27.732498078Z
,57.04,25.65,57.2,25.6,56.6,26,56.68,25.89,2025-07-23T02:19:27.944276586Z
,56.98,25.65,57.3,25.6,56.6,26,56.7,25.89,2025-07-23T02:20:27.644226866Z
,57.12,25.66,57.4,25.6,56.6,26,56.82,25.88,2025-07-23T02:21:27.547001853Z
,57.15,25.64,57.4,25.6,56.6,26,56.78,25.88,2025-07-23T02:22:27.655791135Z
,57.24,25.63,57.4,25.6,56.6,25.9,56.77,25.88,2025-07-23T02:23:27.562408433Z
,57.22,25.64,57.4,25.6,56.6,25.9,56.78,25.88,2025-07-23T02:24:27.671553535Z
,57.21,25.64,57.4,25.6,56.6,25.9,56.74,25.89,2025-07-23T02:25:27.675571825Z
,57.19,25.63,57.4,25.6,56.7,26,56.76,25.89,2025-07-23T02:26:27.70225556Z
,57.21,25.61,57.4,25.5,56.7,26,56.71,25.88,2025-07-23T02:27:27.894173944Z
,56.99,25.62,57.4,25.6,56.6,26,56.66,25.89,2025-07-23T02:28:27.592783417Z
,56.88,25.61,57.3,25.6,56.4,26,56.48,25.88,2025-07-23T02:29:27.832993198Z
,56.79,25.63,57.2,25.5,56.2,26,56.35,25.86,2025-07-23T02:30:27.60719037Z
,56.76,25.61,57.2,25.5,56.3,26,56.42,25.85,2025-07-23T02:31:27.719256693Z
,56.79,25.62,57.2,25.5,56.3,25.9,56.41,25.85,2025-07-23T02:32:27.724902181Z
,56.62,25.63,57.2,25.5,56.2,26,56.3,25.84,2025-07-23T02:33:27.626908169Z
,56.75,25.6,57,25.5,56,25.9,56.33,25.85,2025-07-23T02:34:27.632550002Z
,56.62,25.61,57,25.5,56,26,56.28,25.85,2025-07-23T02:35:27.538036204Z
,56.53,25.59,57,25.5,56.2,25.9,56.31,25.82,2025-07-23T02:36:27.647127232Z
,56.64,25.6,57,25.5,56.1,25.9,56.29,25.82,2025-07-23T02:37:27.654791379Z
,56.65,25.58,57,25.5,56.1,25.9,56.28,25.82,2025-07-23T02:38:27.659744139Z
,56.63,25.58,57,25.5,56.1,25.9,56.26,25.81,2025-07-23T02:39:27.565843406Z
,56.64,25.57,57,25.5,56.1,25.9,56.29,25.82,2025-07-23T02:40:27.700553592Z
,56.68,25.57,56.9,25.5,56,25.9,56.32,25.85,2025-07-23T02:41:27.581027543Z
,56.63,25.58,57,25.5,56.1,26,56.31,25.82,2025-07-23T02:42:27.690191571Z
,56.65,25.57,57,25.5,56.1,25.9,56.34,25.81,2025-07-23T02:43:27.595766188Z
,56.59,25.57,57,25.5,56.2,25.8,56.36,25.82,2025-07-23T02:44:28.110937931Z
,56.71,25.55,57,25.5,56.2,25.9,56.36,25.82,2025-07-23T02:45:27.748874113Z
,56.74,25.55,57,25.5,56.1,25.9,56.39,25.81,2025-07-23T02:46:27.615241928Z
,56.8,25.55,57,25.5,56.3,25.9,56.43,25.8,2025-07-23T02:47:27.619881369Z
,56.78,25.54,57,25.5,56.3,25.9,56.49,25.81,2025-07-23T02:48:27.628955131Z
,56.83,25.56,57.1,25.5,56.5,25.9,56.54,25.8,2025-07-23T02:49:27.838014324Z
,56.78,25.54,57.3,25.4,56.4,25.8,56.59,25.78,2025-07-23T02:50:27.539902938Z
,56.93,25.54,57.2,25.5,56.5,25.7,56.61,25.77,2025-07-23T02:51:27.751028338Z
,56.9,25.53,57.2,25.5,56.6,25.8,56.63,25.78,2025-07-23T02:52:27.655683189Z
,57.01,25.53,57.3,25.4,56.7,25.9,56.62,25.75,2025-07-23T02:53:27.969709815Z
,57.13,25.51,57.2,25.5,56.5,25.9,56.67,25.77,2025-07-23T02:54:27.564234171Z
,57.09,25.51,57.2,25.5,56.7,25.8,56.7,25.77,2025-07-23T02:55:27.675174227Z
,57.17,25.5,57.2,25.5,56.6,25.8,56.73,25.75,2025-07-23T02:56:27.783720577Z
,57.18,25.51,57.3,25.5,56.6,25.8,56.74,25.75,2025-07-23T02:57:27.686660523Z
,57.19,25.5,57.3,25.5,56.5,25.9,56.8,25.74,2025-07-23T02:58:28.104061689Z
,57.3,25.5,57.5,25.4,56.7,25.8,56.82,25.74,2025-07-23T02:59:27.611051515Z
,57.35,25.51,57.4,25.5,56.5,25.9,56.85,25.75,2025-07-23T03:00:27.708222496Z
,57.32,25.5,57.5,25.4,56.8,25.8,56.89,25.77,2025-07-23T03:01:27.617891187Z
,57.27,25.51,57.5,25.4,56.6,25.9,56.9,25.77,2025-07-23T03:02:27.620306952Z
,57.4,25.49,57.5,25.4,56.8,25.9,56.95,25.75,2025-07-23T03:03:27.832084275Z
,57.38,25.51,57.6,25.4,56.8,25.9,56.95,25.78,2025-07-23T03:04:27.940779595Z
,57.47,25.51,57.6,25.4,56.7,25.9,57.01,25.77,2025-07-23T03:05:27.536318765Z
,57.42,25.53,57.6,25.4,56.6,26,57,25.77,2025-07-23T03:06:27.748464076Z
,57.43,25.53,57.7,25.4,56.7,26,57.01,25.75,2025-07-23T03:07:27.56820611Z
,57.47,25.56,57.6,25.5,56.7,25.9,57.04,25.77,2025-07-23T03:08:27.65994435Z
,57.38,25.54,57.7,25.4,56.7,26,57,25.78,2025-07-23T03:09:27.565718153Z
,57.33,25.57,57.6,25.5,56.7,25.9,57.03,25.8,2025-07-23T03:10:27.672529806Z
,57.52,25.57,57.6,25.5,56.5,26,57.08,25.81,2025-07-23T03:11:27.579609538Z
,57.43,25.59,57.6,25.5,56.7,26,57.11,25.81,2025-07-23T03:12:27.890686842Z
,57.45,25.6,57.7,25.5,56.6,26,57.05,25.8,2025-07-23T03:13:27.591193398Z
,57.36,25.61,57.7,25.5,56.7,26,57.04,25.81,2025-07-23T03:14:27.909795544Z
,57.47,25.61,57.7,25.5,56.6,26,57.07,25.82,2025-07-23T03:15:27.606794027Z
,57.51,25.62,57.7,25.5,56.7,26.1,57.09,25.84,2025-07-23T03:16:28.328307766Z
,57.47,25.61,57.7,25.5,56.6,26.1,57.14,25.82,2025-07-23T03:17:27.620689443Z
,57.5,25.62,57.7,25.5,56.8,26,57.12,25.84,2025-07-23T03:18:27.821491358Z
,57.49,25.63,57.7,25.5,56.5,26.1,57.06,25.85,2025-07-23T03:19:27.676606316Z
,57.47,25.62,57.7,25.5,56.7,26,57.12,25.84,2025-07-23T03:20:27.84411994Z
,57.62,25.61,57.7,25.5,56.6,26.1,57.15,25.85,2025-07-23T03:21:27.747999821Z
,57.51,25.63,57.8,25.5,56.7,26,57.15,25.85,2025-07-23T03:22:27.652995289Z
,57.52,25.64,57.8,25.5,56.8,26,57.2,25.88,2025-07-23T03:23:27.564592337Z
,57.49,25.63,57.8,25.5,56.8,26,57.2,25.85,2025-07-23T03:24:27.665068567Z
,57.53,25.65,57.8,25.5,56.7,26,57.21,25.85,2025-07-23T03:25:27.569457636Z
,57.54,25.65,57.8,25.5,56.7,26,57.24,25.88,2025-07-23T03:26:27.681714658Z
,57.66,25.65,57.8,25.5,56.7,26,57.25,25.85,2025-07-23T03:27:27.684491308Z
,57.63,25.65,57.8,25.6,56.8,26.1,57.24,25.88,2025-07-23T03:28:27.693306143Z
,57.56,25.66,57.9,25.6,56.7,26.1,57.28,25.88,2025-07-23T03:29:27.699795766Z
,57.65,25.67,57.9,25.6,56.8,26.1,57.24,25.91,2025-07-23T03:30:27.605004064Z
,57.65,25.68,57.9,25.6,56.7,26.1,57.28,25.89,2025-07-23T03:31:27.71573231Z
,57.65,25.68,57.9,25.6,56.8,26,57.28,25.89,2025-07-23T03:32:27.753598732Z
,57.51,25.68,57.9,25.6,56.8,26.1,57.3,25.89,2025-07-23T03:33:27.684275169Z
,57.62,25.7,57.9,25.6,56.9,26.1,57.23,25.89,2025-07-23T03:34:27.631424726Z
,57.55,25.69,57.9,25.6,56.8,26.1,57.3,25.91,2025-07-23T03:35:27.638963125Z
,57.65,25.71,57.9,25.6,56.7,26.1,57.28,25.91,2025-07-23T03:36:28.058109315Z
,57.61,25.72,58,25.6,56.8,26.1,57.31,25.92,2025-07-23T03:37:27.550107076Z
,57.66,25.7,58,25.6,56.8,26.2,57.33,25.92,2025-07-23T03:38:27.658952243Z
,57.62,25.71,58,25.6,56.8,26.2,57.32,25.92,2025-07-23T03:39:27.664826352Z
,57.71,25.73,58,25.6,56.7,26.1,57.34,25.96,2025-07-23T03:40:27.672314039Z
,57.7,25.75,58,25.6,56.8,26.2,57.36,25.95,2025-07-23T03:41:27.679418255Z
,57.59,25.75,58,25.6,56.9,26.1,57.31,25.95,2025-07-23T03:42:27.687019095Z
,57.72,25.73,58,25.6,56.9,26.2,57.32,25.96,2025-07-23T03:43:27.693524123Z
,57.69,25.75,58,25.6,56.7,26.2,57.34,25.96,2025-07-23T03:44:27.801062962Z
,57.69,25.74,58,25.6,56.9,26.2,57.37,25.96,2025-07-23T03:45:27.912235955Z
,57.78,25.75,58,25.6,57,26.2,57.37,25.96,2025-07-23T03:46:27.610839101Z
,57.79,25.74,58.1,25.6,56.8,26.2,57.43,25.96,2025-07-23T03:47:27.720639455Z
,57.74,25.75,58.1,25.6,57,26.2,57.4,25.96,2025-07-23T03:48:27.625819353Z
,57.88,25.74,58.1,25.6,56.9,26.2,57.51,25.98,2025-07-23T03:49:27.630886706Z
,57.88,25.73,58.1,25.6,57.1,26.1,57.48,25.95,2025-07-23T03:50:27.636205352Z
,57.98,25.73,58.2,25.6,57,26.2,57.52,25.96,2025-07-23T03:51:27.64388705Z
,58.03,25.73,58.2,25.6,57,26.2,57.61,25.98,2025-07-23T03:52:27.685372531Z
,58.03,25.74,58.2,25.6,57.1,26.1,57.69,25.94,2025-07-23T03:53:28.1694762Z
,58.06,25.72,58.3,25.6,57.3,26.1,57.71,25.96,2025-07-23T03:54:27.561961227Z
,58.08,25.73,58.3,25.6,57.1,26.2,57.69,25.96,2025-07-23T03:55:27.773165569Z
,58.04,25.74,58.4,25.6,57.1,26.2,57.65,25.98,2025-07-23T03:56:27.587474403Z
,58.24,25.74,58.4,25.6,57.2,26.2,57.76,25.98,2025-07-23T03:57:27.686549018Z
,58.15,25.73,58.4,25.6,57.4,26.2,57.76,25.96,2025-07-23T03:58:27.589120433Z
,58.16,25.75,58.5,25.6,57.4,26.2,57.74,25.96,2025-07-23T03:59:27.903014346Z
,58.18,25.75,58.5,25.6,57.4,26.2,57.83,25.98,2025-07-23T04:00:27.603795664Z
,58.24,25.77,58.5,25.6,57.3,26.2,57.79,25.99,2025-07-23T04:01:27.916937309Z
,58.14,25.77,58.5,25.6,57.3,26.2,57.83,25.98,2025-07-23T04:02:27.617675229Z
,58.22,25.77,58.5,25.7,57.4,26.2,57.82,26.01,2025-07-23T04:03:27.72422846Z
,58.27,25.79,58.5,25.7,57.3,26.2,57.87,25.99,2025-07-23T04:04:27.733558115Z
,58.26,25.8,58.5,25.7,57.3,26.3,57.83,26.01,2025-07-23T04:05:27.637197878Z
,58.22,25.81,58.5,25.7,57.1,26.3,57.85,26.02,2025-07-23T04:06:27.645537593Z
,58.17,25.81,58.5,25.7,57.3,26.2,57.76,26.02,2025-07-23T04:07:27.753104819Z
,58.21,25.82,58.5,25.7,57.1,26.2,57.82,26.05,2025-07-23T04:08:27.553445098Z
,58.34,25.82,58.5,25.7,57.3,26.3,57.88,26.02,2025-07-23T04:09:27.878179428Z
,58.35,25.82,58.6,25.7,57.4,26.2,57.89,26.04,2025-07-23T04:10:27.569221597Z
,58.39,25.82,58.6,25.7,57.2,26.2,57.96,26.05,2025-07-23T04:11:27.727117286Z
,58.38,25.83,58.6,25.7,57.6,26.2,57.99,26.02,2025-07-23T04:12:27.580700232Z
,58.46,25.84,58.7,25.7,57.6,26.2,57.98,26.04,2025-07-23T04:13:27.795269188Z
,58.36,25.85,58.7,25.7,57.4,26.2,57.94,26.06,2025-07-23T04:14:27.594510834Z
,58.35,25.83,58.7,25.7,57.5,26.3,58.02,26.05,2025-07-23T04:15:27.703657554Z
,58.51,25.83,58.7,25.7,57.6,26.3,58.07,26.05,2025-07-23T04:16:27.718356381Z
,58.55,25.85,58.7,25.7,57.3,26.2,58.05,26.06,2025-07-23T04:17:27.947831808Z
,58.61,25.85,58.7,25.7,57.4,26.2,58.13,26.06,2025-07-23T04:18:27.753843952Z
,58.61,25.85,58.8,25.7,57.7,26.2,58.17,26.06,2025-07-23T04:19:27.733263521Z
,58.64,25.85,58.9,25.7,57.6,26.2,58.18,26.06,2025-07-23T04:20:27.634847559Z
,58.69,25.87,58.9,25.7,57.9,26.2,58.25,26.06,2025-07-23T04:21:28.053992232Z
,58.75,25.85,58.8,25.8,57.7,26.2,58.21,26.06,2025-07-23T04:22:27.653369384Z
,58.75,25.85,58.8,25.8,57.6,26.3,58.24,26.06,2025-07-23T04:23:27.65686417Z
,58.84,25.88,58.8,25.8,57.7,26.2,58.23,26.08,2025-07-23T04:24:27.812974964Z
,58.76,25.87,58.9,25.8,57.8,26.3,58.28,26.09,2025-07-23T04:25:27.668231487Z
,58.81,25.89,58.9,25.8,57.6,26.3,58.29,26.11,2025-07-23T04:26:27.581073182Z
,58.79,25.9,58.9,25.8,57.7,26.3,58.28,26.12,2025-07-23T04:27:27.687982344Z
,58.85,25.91,58.9,25.8,57.8,26.3,58.29,26.14,2025-07-23T04:28:27.895343419Z
,58.84,25.95,58.9,25.8,57.7,26.3,58.25,26.15,2025-07-23T04:29:27.594348158Z
,58.62,25.98,58.9,25.8,58,26.4,58.27,26.16,2025-07-23T04:30:27.728346676Z
,58.85,25.98,58.9,25.8,57.8,26.4,58.24,26.18,2025-07-23T04:31:28.016386993Z
,58.77,25.98,58.9,25.9,57.8,26.4,58.21,26.21,2025-07-23T04:32:27.614310167Z
,58.76,26,58.9,25.9,57.8,26.5,58.19,26.18,2025-07-23T04:33:27.725273605Z
,58.72,26.01,58.8,25.9,57.7,26.5,58.2,26.22,2025-07-23T04:34:27.73097924Z
,58.68,26.01,58.8,25.9,57.9,26.5,58.21,26.19,2025-07-23T04:35:27.964882138Z
,58.72,26.02,58.9,25.9,57.7,26.4,58.17,26.21,2025-07-23T04:36:27.640531685Z
,58.64,26.03,58.9,25.9,57.9,26.5,58.26,26.24,2025-07-23T04:37:27.678736222Z
,58.85,26.03,58.9,25.9,57.8,26.4,58.24,26.25,2025-07-23T04:38:27.66476514Z
,58.8,26.04,58.9,25.9,57.8,26.4,58.28,26.24,2025-07-23T04:39:27.712986468Z
,58.83,26.05,58.8,26,57.9,26.5,58.31,26.24,2025-07-23T04:40:27.599505419Z
,58.85,26.07,59,25.9,57.8,26.4,58.33,26.25,2025-07-23T04:41:27.77738757Z
,58.88,26.08,58.9,26,57.9,26.5,58.38,26.31,2025-07-23T04:42:27.685581069Z
,58.83,26.1,59,26,57.8,26.5,58.37,26.29,2025-07-23T04:43:28.202826183Z
,58.88,26.1,59,26,57.9,26.5,58.34,26.32,2025-07-23T04:44:27.695948622Z
,58.82,26.12,59,26,58,26.5,58.33,26.32,2025-07-23T04:45:27.60181387Z
,58.9,26.14,59,26,57.9,26.5,58.37,26.33,2025-07-23T04:46:27.924939939Z
,58.82,26.19,59,26,57.9,26.5,58.33,26.39,2025-07-23T04:47:27.867002495Z
,58.88,26.23,59,26.1,57.8,26.6,58.29,26.42,2025-07-23T04:48:27.622740061Z
,58.7,26.28,59,26.1,57.8,26.7,58.23,26.42,2025-07-23T04:49:27.72921224Z
,58.63,26.31,58.9,26.2,57.7,26.7,58.2,26.49,2025-07-23T04:50:27.737664295Z
,58.5,26.37,58.8,26.2,57.6,26.7,58.13,26.52,2025-07-23T04:51:27.652977504Z
,58.56,26.41,58.7,26.3,57.4,26.8,58.1,26.55,2025-07-23T04:52:27.751078466Z
,58.48,26.45,58.6,26.3,57.5,26.8,58.05,26.56,2025-07-23T04:53:27.654781311Z
,58.48,26.48,58.6,26.3,57.5,26.8,58.03,26.59,2025-07-23T04:54:27.660167708Z
,58.23,26.53,58.6,26.4,57.1,26.9,57.97,26.64,2025-07-23T04:55:27.56545505Z
,58.25,26.57,58.6,26.4,57.2,26.9,57.84,26.67,2025-07-23T04:56:27.719853351Z
,58.14,26.63,58.3,26.6,57.2,27.1,57.83,26.73,2025-07-23T04:57:27.579520144Z
,58.18,26.65,58.3,26.6,57,27.1,57.76,26.76,2025-07-23T04:58:27.687227732Z
,57.99,26.71,58.3,26.6,56.9,27.1,57.64,26.82,2025-07-23T04:59:27.592854314Z
,57.88,26.73,58.2,26.7,56.9,27.1,57.57,26.83,2025-07-23T05:00:27.702787157Z
,57.78,26.76,58.1,26.7,56.7,27.2,57.46,26.87,2025-07-23T05:01:27.612085234Z
,57.67,26.83,58.1,26.7,56.6,27.2,57.43,26.91,2025-07-23T05:02:27.753394406Z
,57.45,26.88,58,26.8,56.7,27.3,57.32,26.96,2025-07-23T05:03:27.621374223Z
,57.47,26.9,57.9,26.8,56.5,27.3,57.27,26.98,2025-07-23T05:04:27.729303634Z
,57.38,26.93,57.8,26.8,56.4,27.3,57.16,27.03,2025-07-23T05:05:27.943751717Z
,57.25,26.98,57.7,26.9,56.2,27.5,57.08,27.07,2025-07-23T05:06:27.640111394Z
,57.16,27.02,57.7,26.9,56.3,27.5,57.03,27.08,2025-07-23T05:07:27.850494397Z
,57.03,27.06,57.5,27,56.3,27.5,56.95,27.12,2025-07-23T05:08:27.758602444Z
,57.02,27.1,57.4,27,56.2,27.6,56.81,27.17,2025-07-23T05:09:27.661715586Z
,56.74,27.15,57.4,27,55.8,27.6,56.79,27.21,2025-07-23T05:10:27.669386678Z
,56.79,27.2,57.3,27.1,55.8,27.6,56.71,27.25,2025-07-23T05:11:27.777758408Z
,56.66,27.24,57.2,27.1,55.9,27.7,56.59,27.28,2025-07-23T05:12:27.579962199Z
,56.43,27.29,57.1,27.2,55.6,27.6,56.54,27.31,2025-07-23T05:13:27.68725221Z
,56.34,27.34,57.1,27.2,55.4,27.8,56.43,27.39,2025-07-23T05:14:27.59257466Z
,56.31,27.4,57,27.3,55.6,27.7,56.33,27.45,2025-07-23T05:15:27.700737691Z
,56.23,27.44,56.8,27.3,55.6,27.8,56.28,27.46,2025-07-23T05:16:27.608685136Z
,56.11,27.49,56.8,27.4,55,27.9,56.15,27.51,2025-07-23T05:17:28.125941846Z
,55.96,27.55,56.7,27.4,54.9,27.9,56.05,27.56,2025-07-23T05:18:27.61791714Z
,55.86,27.57,56.6,27.5,54.9,28,55.93,27.58,2025-07-23T05:19:27.842069962Z
,55.7,27.61,56.5,27.5,55.2,28,55.88,27.65,2025-07-23T05:20:27.837900589Z
,55.53,27.65,56.4,27.5,55,28,55.74,27.65,2025-07-23T05:21:27.640972202Z
,55.42,27.73,56.3,27.6,54.6,28.1,55.72,27.73,2025-07-23T05:22:28.056822683Z
,55.39,27.75,56.2,27.6,54.3,28.1,55.59,27.78,2025-07-23T05:23:27.652898464Z
,55.24,27.81,56.1,27.7,54.3,28.2,55.57,27.82,2025-07-23T05:24:27.659605621Z
,55.07,27.84,56.1,27.7,54.3,28.2,55.41,27.84,2025-07-23T05:25:27.906555969Z
,54.94,27.9,56,27.7,54,28.3,55.3,27.88,2025-07-23T05:26:27.60020276Z
,54.87,27.92,55.8,27.8,54,28.2,55.15,27.93,2025-07-23T05:27:27.918506966Z
,54.71,27.99,55.7,27.8,53.9,28.3,55.09,27.96,2025-07-23T05:28:27.72101444Z
,54.6,28.01,55.6,27.8,53.9,28.4,54.95,28,2025-07-23T05:29:27.719662123Z
,54.32,28.08,55.6,27.9,53.5,28.4,54.81,28.06,2025-07-23T05:30:27.626722544Z
,54.37,28.12,55.4,27.9,53.4,28.4,54.78,28.1,2025-07-23T05:31:27.836933296Z
,54.16,28.17,55.3,28,53.7,28.5,54.69,28.1,2025-07-23T05:32:27.63826932Z
,52.8,28.74,54.1,28.6,52.1,28.9,53.46,28.72,2025-07-23T05:49:28.165546278Z
,52.75,28.79,53.9,28.6,52.2,29.1,53.35,28.75,2025-07-23T05:50:34.82830839Z
,52.66,28.8,53.9,28.7,52.4,29.1,53.32,28.78,2025-07-23T05:51:27.664546111Z
,50.92,29.62,52.4,29.5,50.8,29.9,51.84,29.56,2025-07-23T06:16:34.69784109Z
,50.71,29.67,52.2,29.5,50.4,29.9,51.78,29.6,2025-07-23T06:17:27.657747582Z
,50.67,29.71,52.2,29.5,50.4,29.9,51.71,29.65,2025-07-23T06:18:28.368789581Z
,50.66,29.77,52.1,29.5,50.4,30,51.62,29.7,2025-07-23T06:19:28.310120485Z
,50.47,29.81,52.1,29.6,50.4,30.1,51.58,29.73,2025-07-23T06:20:27.661717601Z
,50.43,29.81,52,29.6,50.3,30.1,51.49,29.78,2025-07-23T06:21:27.868974785Z
,50.37,29.86,51.9,29.7,50,30.1,51.41,29.83,2025-07-23T06:22:27.777478775Z
,50.26,29.92,51.9,29.7,50.3,30.2,51.32,29.87,2025-07-23T06:23:27.677555387Z
,50.19,29.95,51.8,29.7,49.9,30.2,51.27,29.88,2025-07-23T06:24:27.684321268Z
,50.12,30.03,51.7,29.8,50,30.3,51.15,29.94,2025-07-23T06:25:27.723850522Z
,50.11,30.1,51.6,29.9,49.5,30.3,51.23,29.98,2025-07-23T06:26:28.113564023Z
,49.85,30.09,51.6,29.9,49.9,30.5,51,30.01,2025-07-23T06:27:27.60694298Z
,49.85,30.13,51.3,30,49.4,30.6,50.91,30.06,2025-07-23T06:28:27.709822589Z
,49.83,30.19,51.3,30,49.4,30.6,50.92,30.08,2025-07-23T06:29:28.240372004Z
,49.65,30.21,51.3,30.1,49.4,30.6,50.78,30.16,2025-07-23T06:30:27.725995063Z
,49.63,30.26,51.2,30.1,49.3,30.6,50.79,30.18,2025-07-23T06:31:28.245263049Z
,49.61,30.32,51.2,30.1,49.2,30.7,50.68,30.24,2025-07-23T06:32:27.738015819Z
,49.48,30.34,51.1,30.1,49,30.7,50.59,30.27,2025-07-23T06:33:27.643713041Z
,49.38,30.37,51,30.2,49.3,30.8,50.5,30.27,2025-07-23T06:34:28.058205828Z
,49.4,30.38,50.9,30.2,49.2,30.8,50.43,30.32,2025-07-23T06:35:27.758679881Z
,49.23,30.4,50.9,30.2,49.1,30.9,50.39,30.35,2025-07-23T06:36:27.702851587Z
,49.17,30.44,50.8,30.3,49.1,30.9,50.31,30.38,2025-07-23T06:37:27.979212671Z
,49.09,30.5,50.7,30.3,48.8,30.9,50.23,30.45,2025-07-23T06:38:27.780955166Z
,48.93,30.51,50.7,30.3,48.8,30.9,50.1,30.45,2025-07-23T06:39:27.827186144Z
,48.95,30.57,50.5,30.3,48.8,30.9,50.06,30.51,2025-07-23T06:40:28.277496783Z
,48.89,30.59,50.5,30.4,48.9,31,50.1,30.54,2025-07-23T06:41:27.696598479Z
,48.74,30.64,50.5,30.4,48.7,30.9,49.94,30.58,2025-07-23T06:42:27.825292938Z
,48.76,30.67,50.3,30.5,48.5,31.1,49.83,30.61,2025-07-23T06:43:28.117996515Z
,48.59,30.71,50.2,30.5,48.2,31.1,49.77,30.65,2025-07-23T06:44:27.615846458Z
,48.48,30.74,50.1,30.6,48.4,31.2,49.73,30.68,2025-07-23T06:45:27.733309747Z
,48.53,30.77,50.1,30.6,48.5,31.2,49.64,30.74,2025-07-23T06:46:27.628587251Z
,48.35,30.8,50,30.6,48.4,31.3,49.62,30.76,2025-07-23T06:47:28.046165347Z
,48.25,30.8,50,30.6,48.3,31.2,49.49,30.8,2025-07-23T06:48:28.177304359Z
,48.42,30.76,49.9,30.7,47.8,31.3,49.46,30.79,2025-07-23T06:49:27.80133044Z
,49.05,30.7,49.8,30.7,48.3,31.2,49.89,30.78,2025-07-23T06:50:27.756817832Z
,48.7,30.74,50.1,30.6,48.7,31.2,49.57,30.82,2025-07-23T06:51:28.020353504Z
,48.77,30.72,50,30.7,48.3,31.2,49.59,30.82,2025-07-23T06:52:31.519727569Z
,49.05,30.76,50,30.7,48.5,31.2,49.91,30.83,2025-07-23T06:53:27.783859059Z
,49.08,30.74,50.2,30.7,48.8,31.2,49.91,30.85,2025-07-23T06:54:27.862057141Z
,49.62,30.73,50.2,30.7,48.9,31.2,50.29,30.88,2025-07-23T06:55:27.843506Z
,49.7,30.76,50.6,30.7,49.4,31.2,50.38,30.88,2025-07-23T06:56:28.354005649Z
,49.98,30.81,50.7,30.7,49.3,31.1,50.83,30.86,2025-07-23T06:57:28.454138282Z
,50.1,30.81,50.9,30.7,49.9,31.2,50.95,30.88,2025-07-23T06:58:27.846548032Z
,50.21,30.85,51.1,30.7,50,31.3,51.1,30.9,2025-07-23T06:59:27.836252918Z
,51,30.79,51.3,30.7,49.9,31.2,51.88,30.89,2025-07-23T07:00:27.613197535Z
,51.12,30.8,51.8,30.7,50.6,31.3,51.69,30.92,2025-07-23T07:01:27.724598201Z
,50.97,30.9,51.9,30.7,50.4,31.3,51.5,30.93,2025-07-23T07:02:27.734459675Z
,50.82,30.96,51.9,30.7,50.4,31.2,51.49,31,2025-07-23T07:03:27.840313837Z
,48.68,30.96,50.5,30.8,49,31.3,49.47,31.03,2025-07-23T07:13:38.673113521Z
,48.32,30.93,50.2,30.8,48.6,31.3,49.3,31.04,2025-07-23T07:14:28.697872501Z
,47.1,31.11,48.5,30.9,46.9,31.4,48.16,31.13,2025-07-23T07:32:27.738768634Z
,47.43,31.12,48.5,31,47.2,31.5,48.45,31.16,2025-07-23T07:33:28.277447687Z
,47.53,31.13,48.7,31,47.5,31.5,48.68,31.2,2025-07-23T07:34:29.820406967Z
,47.21,31.15,48.8,31,47.5,31.6,48.25,31.19,2025-07-23T07:35:30.28482821Z
,47.32,31.13,48.7,31,47.3,31.5,48.39,31.2,2025-07-23T07:36:29.86833937Z
,47.51,31.15,48.7,31,47.2,31.6,48.63,31.22,2025-07-23T07:37:29.250010398Z
,47.44,31.17,48.8,31.1,47.5,31.5,48.45,31.23,2025-07-23T07:38:28.93967192Z
,47.21,31.17,48.8,31.1,47.3,31.5,48.23,31.23,2025-07-23T07:39:28.12956039Z
,47.15,31.19,48.6,31.1,47.5,31.5,48.24,31.25,2025-07-23T07:40:28.15876958Z
,47.54,31.2,48.6,31.1,47.5,31.5,48.56,31.25,2025-07-23T07:41:32.11414248Z
,47.59,31.18,48.8,31.1,47.5,31.6,48.57,31.29,2025-07-23T07:42:31.990987025Z
,47.42,31.21,48.8,31.1,47.7,31.6,48.42,31.29,2025-07-23T07:43:29.963989994Z
,47.4,31.2,48.8,31.1,47.2,31.5,48.32,31.3,2025-07-23T07:44:29.359835537Z
,46.91,31.18,48.7,31.1,47.3,31.5,47.81,31.3,2025-07-23T07:45:29.79026516Z
,46.43,31.19,48.5,31.1,46.9,31.6,47.34,31.29,2025-07-23T07:46:29.63338884Z
,46.44,31.19,48.2,31.1,46.5,31.7,47.47,31.29,2025-07-23T07:47:29.513393223Z
,46.29,31.17,48.1,31,46.6,31.5,47.25,31.3,2025-07-23T07:48:31.094555811Z
,46.21,31.2,47.9,31,46.3,31.6,47.26,31.3,2025-07-23T07:49:29.465965002Z
,46.31,31.18,47.9,31,46.6,31.6,47.37,31.27,2025-07-23T07:50:29.341310459Z
,46.34,31.14,47.9,31,46.4,31.6,47.32,31.29,2025-07-23T07:51:29.276210617Z
,46.58,31.12,47.9,31,46.5,31.5,47.5,31.27,2025-07-23T07:52:28.253422525Z
,46.5,31.11,48.1,31,46.8,31.5,47.46,31.27,2025-07-23T07:53:29.336770299Z
,46.4,31.09,48,31,46.7,31.5,47.31,31.26,2025-07-23T07:54:29.578516487Z
,46.66,31.06,47.9,31,46.6,31.6,47.58,31.26,2025-07-23T07:55:29.519896392Z
,46.88,31.07,48,31,46.7,31.5,47.77,31.25,2025-07-23T07:56:30.475293747Z
,46.97,31.07,48.2,31,47.2,31.5,47.84,31.23,2025-07-23T07:57:28.32986208Z
,47,31.1,48.3,30.9,47.1,31.4,47.8,31.22,2025-07-23T07:58:28.274740514Z
,46.9,31.07,48.4,30.9,46.8,31.4,47.91,31.22,2025-07-23T07:59:28.706232607Z
,47.07,31.07,48.4,30.9,47.2,31.4,47.93,31.22,2025-07-23T08:00:29.218306707Z
,47.35,31.06,48.3,31,47.2,31.4,48.1,31.23,2025-07-23T08:01:28.193546774Z
,47.16,31.08,48.5,30.9,47.4,31.4,48.01,31.23,2025-07-23T08:02:29.601558784Z
,48.04,31.07,48.5,30.9,47.4,31.3,48.88,31.25,2025-07-23T08:03:28.225863111Z
,48.04,31.11,49,30.9,48.1,31.4,48.76,31.22,2025-07-23T08:04:29.349256388Z
,48.05,31.13,48.9,31,48.1,31.3,48.72,31.25,2025-07-23T08:05:27.910224235Z
,47.98,31.08,49,31,47.9,31.4,48.75,31.23,2025-07-23T08:06:28.525463835Z
,48.04,31.09,49,31,48.3,31.4,48.75,31.25,2025-07-23T08:07:28.543191612Z
,48.15,31.12,49,31,48.1,31.4,48.91,31.26,2025-07-23T08:08:31.398068546Z
,48.16,31.15,49.1,31,48.3,31.4,48.95,31.29,2025-07-23T08:09:30.462720458Z
,48.31,31.12,49.1,31,48.2,31.4,49.09,31.29,2025-07-23T08:10:31.525571185Z
,48.18,31.24,49.2,31.1,47.9,31.5,49.01,31.33,2025-07-23T08:16:36.097143323Z
,48.5,31.24,49.3,31.1,48.3,31.5,49.29,31.33,2025-07-23T08:17:27.994126068Z
,48.96,31.27,49.9,31.1,48.8,31.6,49.83,31.37,2025-07-23T08:35:27.774269142Z
,49.13,31.24,49.9,31.1,48.8,31.6,49.94,31.36,2025-07-23T08:36:27.699043582Z
,49.19,31.2,50,31.1,49.1,31.6,49.92,31.34,2025-07-23T08:37:29.155576913Z
,49.39,31.22,50,31.1,49.1,31.6,49.96,31.36,2025-07-23T08:38:27.750553707Z
,49.13,31.23,50.1,31.1,49.2,31.5,49.94,31.34,2025-07-23T08:39:27.80221847Z
,49.29,31.15,50.1,31.1,49.3,31.5,50.13,31.3,2025-07-23T08:40:27.957734345Z
,49.23,31.14,50.2,31,49.6,31.4,50.07,31.26,2025-07-23T08:41:27.721365672Z
,49.44,31.1,50.2,31,49.4,31.5,50.21,31.26,2025-07-23T08:42:28.032445885Z
,49.55,31.09,50.4,30.9,49.5,31.4,50.23,31.29,2025-07-23T08:43:28.166824402Z
,49.75,31.07,50.5,30.9,49.6,31.3,50.35,31.25,2025-07-23T08:44:27.635358104Z
,49.84,31.04,50.6,30.9,49.5,31.4,50.41,31.2,2025-07-23T08:45:27.957615894Z
,49.91,31.05,50.6,30.8,49.6,31.4,50.36,31.22,2025-07-23T08:46:28.000455445Z
,49.71,31.04,50.6,30.8,49.8,31.3,50.26,31.17,2025-07-23T08:47:27.755808222Z
,49.46,31.02,50.6,30.8,49.6,31.4,50.1,31.19,2025-07-23T08:48:27.765487218Z
,49.41,31.06,50.5,30.8,49.7,31.2,50.03,31.19,2025-07-23T08:49:28.056011525Z
,49.3,31.05,50.4,30.8,49.4,31.3,50,31.23,2025-07-23T08:50:27.728202903Z
,48.77,31.01,50.3,30.9,49.8,31.3,49.41,31.16,2025-07-23T08:51:28.660989808Z
,48.75,31.01,50,30.9,48.8,31.4,49.53,31.17,2025-07-23T08:52:28.711439022Z
,48.54,31.05,49.9,30.8,49.2,31.4,49.33,31.2,2025-07-23T08:53:28.30999777Z
,48.5,31.06,49.8,30.9,48.8,31.4,48.97,31.22,2025-07-23T08:54:27.804860587Z
,48.43,31.07,49.6,30.9,48,31.4,49.22,31.2,2025-07-23T08:55:27.71069168Z
,48.22,31.07,49.6,30.9,48.6,31.4,49.06,31.22,2025-07-23T08:56:27.81799136Z
,48.18,31.01,49.5,30.9,48.1,31.4,49.11,31.17,2025-07-23T08:57:28.872124673Z
,48.23,30.97,49.4,30.9,48.5,31.4,49.07,31.16,2025-07-23T08:58:27.731891709Z
,48.34,30.95,49.4,30.9,48.6,31.4,49.1,31.15,2025-07-23T08:59:28.04238134Z
,48.42,30.96,49.5,30.8,48.4,31.4,49.11,31.15,2025-07-23T09:00:28.215949557Z
,48.21,30.95,49.5,30.8,48.3,31.3,49.01,31.12,2025-07-23T09:01:29.084963768Z
,48.68,30.93,49.4,30.8,48.3,31.3,49.46,31.12,2025-07-23T09:02:28.661775628Z
,48.6,30.93,49.7,30.7,48.8,31.3,49.32,31.07,2025-07-23T09:03:28.58245366Z
,48.61,30.9,49.7,30.7,48.8,31.3,49.28,31.1,2025-07-23T09:04:27.772481484Z
,48.49,30.9,49.7,30.7,48.6,31.2,49.23,31.09,2025-07-23T09:05:27.779520305Z
,48.14,30.9,49.7,30.7,48.6,31.3,48.91,31.1,2025-07-23T09:06:27.681067831Z
,48.12,30.86,49.5,30.7,48.2,31.3,48.83,31.07,2025-07-23T09:07:27.790896068Z
,48.37,30.85,49.3,30.7,48.4,31.2,48.96,31.06,2025-07-23T09:08:27.813264277Z
,48.07,30.84,49.4,30.7,48.6,31.3,48.86,31.04,2025-07-23T09:09:27.698698671Z
,48.06,30.73,49.2,30.7,48.4,31.2,48.83,30.96,2025-07-23T09:14:28.396273909Z
,48.99,30.56,49.5,30.4,48.7,30.9,49.4,30.82,2025-07-23T09:27:27.829870694Z
,48.74,30.55,49.6,30.4,48.9,31,49.34,30.8,2025-07-23T09:28:30.150442758Z
,48.8,30.54,49.6,30.4,49,31,49.38,30.79,2025-07-23T09:29:28.056601088Z
,48.79,30.55,49.6,30.4,48.8,30.9,49.38,30.78,2025-07-23T09:30:28.110664417Z
,48.98,30.49,49.7,30.4,48.8,31,49.49,30.76,2025-07-23T09:31:27.660777924Z
,49.14,30.46,49.7,30.4,49,31,49.59,30.74,2025-07-23T09:32:27.862346223Z
,49.04,30.48,49.8,30.4,49.3,30.9,49.55,30.76,2025-07-23T09:33:27.657500905Z
,49.21,30.44,49.7,30.3,48.8,30.9,49.7,30.74,2025-07-23T09:34:27.967998278Z
,48.7,30.45,49.9,30.3,49.1,30.9,49.12,30.72,2025-07-23T09:35:27.794196089Z
,48.61,30.42,49.6,30.3,48.8,30.8,49.13,30.69,2025-07-23T09:36:28.088537475Z
,48.74,30.41,49.6,30.3,48.6,30.8,49.34,30.71,2025-07-23T09:37:28.037512248Z
,49.68,30.41,49.6,30.3,49,30.8,50.12,30.68,2025-07-23T09:38:27.994329368Z
,50.22,30.41,50.2,30.3,49.8,31,50.73,30.68,2025-07-23T09:39:27.696844107Z
,49.71,30.43,50.5,30.3,50.2,30.8,49.99,30.66,2025-07-23T09:40:27.824858823Z
,48.9,30.39,50.3,30.3,49.6,30.8,49.34,30.65,2025-07-23T09:41:28.135874714Z
,48.99,30.37,49.8,30.3,49,30.8,49.26,30.64,2025-07-23T09:42:27.721935043Z
,48.87,30.36,49.8,30.2,48.7,30.8,49.29,30.62,2025-07-23T09:43:28.639659238Z
,48.44,30.33,49.8,30.2,48.9,30.7,48.94,30.61,2025-07-23T09:44:27.763957519Z
,48.64,30.27,49.6,30.2,48.6,30.7,49,30.56,2025-07-23T09:45:27.936581804Z
,48.64,30.22,49.6,30.2,48.7,30.5,48.74,30.54,2025-07-23T09:46:27.634851713Z
,48.35,30.22,49.5,30.1,48.5,30.6,48.72,30.48,2025-07-23T09:47:27.846793537Z
,48.48,30.2,49.3,30.1,48.4,30.5,48.99,30.48,2025-07-23T09:48:27.75276319Z
,48.92,30.16,49.5,30.1,48.7,30.5,49.39,30.47,2025-07-23T09:49:27.784993776Z
,49.09,30.15,49.7,30.1,49.2,30.5,49.55,30.45,2025-07-23T09:50:27.667370853Z
,49.93,30.14,49.8,30.1,49.3,30.4,50.11,30.45,2025-07-23T09:51:34.867175115Z
,50.18,30.18,50.3,30,49.5,30.4,50.45,30.41,2025-07-23T09:52:27.782230657Z
,51.63,30.08,52,30,51.7,30.4,51.95,30.37,2025-07-23T09:59:28.138468596Z
,54.12,29.81,54.3,29.7,53.7,30.2,53.79,30.16,2025-07-23T10:11:27.711930127Z
,54.05,29.78,54.4,29.7,53.8,30.1,53.92,30.14,2025-07-23T10:12:27.718419926Z
,54.63,29.74,54.3,29.7,53.7,30.1,54.31,30.08,2025-07-23T10:13:29.159757595Z
,54.52,29.69,54.7,29.6,54.1,30,54.21,30.04,2025-07-23T10:14:27.649357614Z
,54.58,29.62,54.8,29.6,54,29.9,54.24,30.01,2025-07-23T10:15:27.962316699Z
,54.84,29.61,54.8,29.5,54.2,29.9,54.48,29.98,2025-07-23T10:16:27.682054733Z
,54.92,29.59,55.1,29.4,54.7,29.8,54.49,29.94,2025-07-23T10:17:28.650972554Z
,55.18,29.57,55.3,29.4,54.7,29.8,54.75,29.93,2025-07-23T10:18:27.801120397Z
,55.34,29.55,55.4,29.4,55.1,29.8,54.91,29.93,2025-07-23T10:19:27.91988877Z
,55.7,29.54,55.6,29.4,55.3,29.8,55.5,29.91,2025-07-23T10:20:28.514281588Z
,56.11,29.55,55.9,29.4,55.8,29.7,55.58,29.9,2025-07-23T10:21:27.871248628Z
,56.2,29.55,56.2,29.4,55.6,29.8,55.59,29.88,2025-07-23T10:22:27.759031354Z
,56.48,29.53,56.4,29.4,55.7,29.8,55.95,29.87,2025-07-23T10:23:27.745286581Z
,56.35,29.5,56.6,29.4,56.4,29.8,55.77,29.84,2025-07-23T10:24:27.751126764Z
,56.63,29.5,56.5,29.4,55.8,29.7,56.47,29.86,2025-07-23T10:25:27.656327231Z
,56.45,29.48,56.9,29.4,56.8,29.8,55.74,29.86,2025-07-23T10:26:27.794997558Z
,56.24,29.44,56.7,29.4,56,29.8,55.64,29.77,2025-07-23T10:27:28.716774485Z
,55.99,29.42,56.6,29.3,55.9,29.7,55.38,29.78,2025-07-23T10:28:27.67365808Z
,56.29,29.37,56.5,29.3,55.6,29.6,55.6,29.73,2025-07-23T10:29:28.096137852Z
,56.56,29.33,56.7,29.3,56,29.6,55.67,29.72,2025-07-23T10:30:28.555790143Z
,56.32,29.36,56.7,29.3,56.3,29.6,55.64,29.7,2025-07-23T10:31:36.224059578Z
,55.95,29.51,56.8,29.2,56.1,29.6,55.79,29.67,2025-07-23T10:32:30.243613446Z
,55.46,29.65,56.8,29.2,56.2,29.5,55.68,29.67,2025-07-23T10:33:27.658840364Z
,54.96,29.7,56.8,29.2,56.2,29.6,55.41,29.69,2025-07-23T10:34:30.628038265Z
,54.55,29.7,56.7,29.2,55.8,29.5,55.23,29.69,2025-07-23T10:35:27.938724633Z
,54.51,29.71,56.5,29.2,55.8,29.5,55.27,29.65,2025-07-23T10:36:28.778884894Z
,54.28,29.64,56.4,29.2,55.5,29.5,54.98,29.62,2025-07-23T10:37:28.042902103Z
,54.19,29.51,55.9,29.1,54.9,29.5,54.7,29.52,2025-07-23T10:46:27.747064617Z
,53.52,29.56,55.4,29.1,53.9,29.4,54.49,29.46,2025-07-23T11:06:38.776510245Z
,53.54,29.54,55.4,29.1,54.3,29.5,54.42,29.45,2025-07-23T11:07:27.72509847Z
,53.52,29.57,55.3,29.1,54.1,29.5,54.31,29.46,2025-07-23T11:08:27.837064229Z
,53.11,29.58,55.3,29.1,53.8,29.5,54.24,29.46,2025-07-23T11:09:27.84149679Z
,53.37,29.55,55.2,29.1,53.8,29.5,54.23,29.43,2025-07-23T11:10:27.869546083Z
,53.25,29.57,55.2,29.1,53.9,29.5,54.15,29.46,2025-07-23T11:11:27.751700274Z
,53,29.55,55.1,29.1,53.7,29.6,53.93,29.43,2025-07-23T11:12:27.654087196Z
,52.93,29.55,54.9,29.1,53.8,29.5,53.83,29.45,2025-07-23T11:13:27.7645313Z
,53.38,29.56,54.8,29.1,53.4,29.5,54.35,29.46,2025-07-23T11:14:28.08178383Z
,52.82,29.58,55.1,29.1,54.4,29.5,53.84,29.46,2025-07-23T11:15:27.674383282Z
,52.78,29.54,54.9,29.1,53.5,29.5,53.8,29.46,2025-07-23T11:16:27.788284368Z
,52.77,29.55,54.7,29.1,52.9,29.5,53.76,29.43,2025-07-23T11:17:30.107675986Z
,52.61,29.58,54.7,29.1,53.4,29.5,53.72,29.46,2025-07-23T11:18:27.806046945Z
,53.07,29.58,54.7,29.1,53.1,29.5,54.08,29.47,2025-07-23T11:19:27.805767087Z
,52.82,29.58,54.9,29.1,53.5,29.5,53.84,29.47,2025-07-23T11:20:28.121945446Z
,52.68,29.49,54.7,29.1,53.5,29.5,53.65,29.43,2025-07-23T11:21:27.720264711Z
,52.81,29.34,54.6,29.1,53,29.5,53.52,29.43,2025-07-23T11:22:27.892283954Z
,52.94,29.28,54.5,29.1,53,29.5,53.41,29.4,2025-07-23T11:23:27.730938982Z
,53.16,29.22,54.3,29,53.1,29.5,53.57,29.39,2025-07-23T11:24:27.805221515Z
,53.31,29.21,54.5,29,53.3,29.4,53.55,29.4,2025-07-23T11:25:28.013875572Z
,53.52,29.19,54.5,29,53,29.5,53.75,29.37,2025-07-23T11:26:28.027642435Z
,53.44,29.15,54.6,29,53.3,29.4,53.73,29.36,2025-07-23T11:27:27.719720545Z
,53.55,29.13,54.6,29,53.1,29.4,53.82,29.35,2025-07-23T11:28:27.742308726Z
,53.7,29.13,54.7,29,53.6,29.4,53.97,29.33,2025-07-23T11:29:27.837400488Z
,53.71,29.14,54.7,29,53.7,29.3,53.77,29.36,2025-07-23T11:30:27.742473664Z
,53.63,29.18,54.7,29,53.3,29.4,53.88,29.33,2025-07-23T11:31:28.054484493Z
,53.43,29.16,54.7,29,53.6,29.3,53.5,29.35,2025-07-23T11:32:27.760272239Z
,53.36,29.16,54.5,29,53.3,29.4,53.54,29.33,2025-07-23T11:33:27.76078377Z
,53.71,29.13,54.5,29,53.2,29.3,53.86,29.35,2025-07-23T11:34:27.768777443Z
,53.86,29.12,54.6,29,53.4,29.4,53.93,29.32,2025-07-23T11:35:27.787092313Z
,53.81,29.11,54.7,29,53.7,29.4,53.99,29.33,2025-07-23T11:36:27.792104286Z
,53.8,29.09,54.7,29,53.7,29.5,53.95,29.33,2025-07-23T11:37:27.693213155Z
,53.97,29.1,54.7,29,53.6,29.4,54.08,29.33,2025-07-23T11:38:28.016448206Z
,53.98,29.1,54.7,29,54,29.4,54.11,29.3,2025-07-23T11:39:27.701413826Z
,53.88,29.1,54.8,29,53.8,29.4,54.03,29.32,2025-07-23T11:40:27.809385514Z
,54.28,29.07,54.8,29,53.6,29.4,54.4,29.3,2025-07-23T11:41:27.814784797Z
,54.08,29.09,55,29,54.2,29.3,54.19,29.3,2025-07-23T11:42:27.821970551Z
,54.4,29.05,54.9,29,53.9,29.3,54.5,29.29,2025-07-23T11:43:27.83552908Z
,54.49,29.04,55.1,29,54.2,29.3,54.37,29.29,2025-07-23T11:44:27.865436827Z
,54.57,29.03,55.2,28.9,54.3,29.3,54.6,29.3,2025-07-23T11:45:28.04708677Z
,54.67,29.03,55.3,28.9,54.6,29.3,54.47,29.26,2025-07-23T11:46:27.745696197Z
,54.33,29.03,55.3,28.9,54.2,29.3,54.44,29.26,2025-07-23T11:47:27.858126303Z
,54.46,29.02,55.3,28.9,54.3,29.3,54.55,29.26,2025-07-23T11:48:27.763246371Z
,54.72,29,55.3,28.9,54.4,29.3,54.54,29.23,2025-07-23T11:49:27.76618534Z
,54.69,28.97,55.4,28.9,54.3,29.2,54.58,29.2,2025-07-23T11:50:28.089251635Z
,55.08,28.96,55.4,28.8,54.6,29.3,54.94,29.19,2025-07-23T11:51:27.780579453Z
,55.31,28.95,55.6,28.8,54.9,29.3,55.17,29.19,2025-07-23T11:52:28.095049373Z
,55.22,28.94,55.8,28.8,55.4,29.3,55.04,29.2,2025-07-23T11:53:27.798782804Z
,54.92,28.93,55.9,28.8,55.2,29.2,54.81,29.18,2025-07-23T11:54:27.69890359Z
,57.84,28.85,58.1,28.8,57.7,29.2,57.04,29.15,2025-07-23T12:07:27.890314839Z
,59.19,28.84,59.4,28.8,58.3,29.2,58.46,29.14,2025-07-23T12:27:30.161586037Z
,58.95,28.84,59.4,28.8,58.8,29.2,58.42,29.12,2025-07-23T12:28:27.723763604Z
,59.2,28.84,59.4,28.8,58.5,29.2,58.69,29.12,2025-07-23T12:29:27.831294209Z
,59.63,28.84,59.5,28.8,59,29.2,58.79,29.11,2025-07-23T12:30:27.954774372Z
,61.99,28.92,59.7,28.8,59,29.3,62.62,29.14,2025-07-23T12:31:27.748685185Z
,60.01,28.85,61.2,28.8,61.1,29.2,58.79,29.11,2025-07-23T12:32:28.058492922Z
,59.6,28.87,60.2,28.8,59.3,29.2,58.7,29.14,2025-07-23T12:33:27.962318901Z
,59.41,28.88,60.2,28.7,58.9,29.2,58.55,29.12,2025-07-23T12:34:27.763321701Z
,59.3,28.9,60.1,28.7,58.8,29.2,58.58,29.15,2025-07-23T12:35:27.769384757Z
,59.6,28.89,60.1,28.7,58.7,29.2,58.77,29.14,2025-07-23T12:36:27.789891534Z
,59.61,28.92,60.2,28.7,58.9,29.2,58.76,29.12,2025-07-23T12:37:27.889648681Z
,59.34,28.93,60.3,28.7,59.1,29.2,58.68,29.15,2025-07-23T12:38:27.793048061Z
,59.4,28.92,60.2,28.7,58.8,29.3,58.66,29.15,2025-07-23T12:39:27.798312068Z
,59.2,28.94,60.1,28.8,58.7,29.2,58.6,29.16,2025-07-23T12:40:27.804762517Z
,59.24,28.93,60,28.8,58.7,29.3,58.57,29.15,2025-07-23T12:41:28.184055325Z
,59.04,28.95,60,28.8,58.6,29.2,58.45,29.18,2025-07-23T12:42:27.821634533Z
,58.78,28.96,60,28.8,58.5,29.2,58.35,29.16,2025-07-23T12:43:27.836867327Z
,58.9,28.97,59.8,28.8,58.4,29.2,58.41,29.18,2025-07-23T12:44:28.094922638Z
,58.94,28.98,59.8,28.8,58.4,29.3,58.43,29.19,2025-07-23T12:45:27.94988359Z
,59.09,29,59.8,28.8,58.6,29.3,58.46,29.19,2025-07-23T12:46:27.871277974Z
,58.77,29.09,60,28.8,58.5,29.2,58.39,29.2,2025-07-23T12:47:28.185595107Z
,58.37,29.17,59.8,28.8,58.5,29.3,58.29,29.2,2025-07-23T12:48:27.782800073Z
,58.37,29.15,59.7,28.8,58.4,29.3,58.29,29.22,2025-07-23T12:49:27.788935642Z
,58.47,29.08,59.7,28.8,58.4,29.3,58.21,29.2,2025-07-23T12:50:27.827323121Z
,58.67,29.05,59.6,28.8,58.3,29.4,58.31,29.22,2025-07-23T12:51:27.804808484Z
,58.69,29.05,59.6,28.8,58.3,29.3,58.26,29.26,2025-07-23T12:52:28.222308432Z
,58.77,29.04,59.7,28.8,58.5,29.3,58.25,29.25,2025-07-23T12:53:27.726969954Z
,58.45,29.04,59.7,28.8,58.4,29.3,57.92,29.2,2025-07-23T12:54:28.036903957Z
,58.33,29.03,59.5,28.8,58,29.2,57.88,29.25,2025-07-23T12:55:27.853109144Z
,58.16,29.02,59.4,28.8,58,29.3,57.79,29.23,2025-07-23T12:56:28.043137402Z
,58.25,29.03,59.3,28.8,57.8,29.3,57.77,29.22,2025-07-23T12:57:27.863888214Z
,58.05,29.01,59.3,28.8,57.8,29.3,57.51,29.23,2025-07-23T12:58:27.858606976Z
,58.04,29.02,59.1,28.8,57.7,29.3,57.51,29.22,2025-07-23T12:59:27.856950053Z
,57.88,29.02,59,28.8,57.6,29.3,57.47,29.22,2025-07-23T13:00:27.874310464Z
,57.82,29,59,28.8,57.4,29.3,57.34,29.22,2025-07-23T13:01:28.236809772Z
,57.39,28.98,58.8,28.8,57.3,29.3,57.02,29.22,2025-07-23T13:02:28.2619797Z
,57.23,28.98,58.6,28.8,57.2,29.2,56.86,29.23,2025-07-23T13:03:28.104658103Z
,56.93,28.92,58.4,28.8,57.1,29.3,56.66,29.2,2025-07-23T13:04:29.392682069Z
,56.97,28.91,58.2,28.8,56.9,29.2,56.73,29.19,2025-07-23T13:05:27.942804101Z
,57.09,28.92,58.3,28.7,56.9,29.2,56.58,29.19,2025-07-23T13:06:28.15865257Z
,56.76,28.9,58.3,28.7,56.8,29.3,56.41,29.16,2025-07-23T13:07:27.988104131Z
,56.8,28.9,58.1,28.7,56.7,29.1,56.42,29.14,2025-07-23T13:08:27.932904443Z
,56.8,28.89,58.1,28.7,56.8,29.1,56.46,29.15,2025-07-23T13:09:28.099370591Z
,56.87,28.9,58.1,28.7,56.8,29.1,56.54,29.15,2025-07-23T13:10:27.741490529Z
,56.89,28.91,58.1,28.7,56.7,29.2,56.55,29.14,2025-07-23T13:11:27.851303395Z
,56.94,28.9,58.2,28.7,56.9,29.1,56.65,29.15,2025-07-23T13:12:27.858307478Z
,57.02,28.91,58.2,28.7,57,29.2,56.64,29.15,2025-07-23T13:13:27.989997669Z
,57.02,28.88,58.2,28.7,57,29.1,56.65,29.15,2025-07-23T13:14:28.605657248Z
,57.13,28.87,58.2,28.7,56.7,29.1,56.75,29.16,2025-07-23T13:15:28.535564036Z
,57.15,28.88,58.3,28.7,57,29.1,56.8,29.15,2025-07-23T13:16:28.058289211Z
,57.11,28.88,58.3,28.7,57.1,29.1,56.63,29.14,2025-07-23T13:17:27.803065713Z
,56.98,28.86,58.2,28.7,57,29.1,56.58,29.14,2025-07-23T13:18:28.223946808Z
,57.02,28.85,58.1,28.7,56.7,29.1,56.63,29.14,2025-07-23T13:19:27.822475548Z
,61.59,27.65,64.2,27.2,60.6,28,60.75,27.84,2025-07-23T18:53:55.670493328Z
,61.19,27.78,63.7,27.3,60.6,28,60.69,27.82,2025-07-23T18:54:55.673757639Z
,61.26,27.69,63.4,27.3,60.5,28.1,60.76,27.82,2025-07-23T18:55:55.681300694Z
,48.04,26.82,49.5,26.8,47.1,27.5,48.18,27.2,2025-07-21T13:22:14.311120137Z
,48.45,26.88,49.6,26.7,47.3,27.4,48.96,27.24,2025-07-21T13:23:13.73422286Z
,48.73,26.91,49.8,26.8,48,27.4,49.13,27.24,2025-07-21T13:24:17.745252693Z
,48.39,26.91,49.9,26.8,48.3,27.3,48.5,27.25,2025-07-21T13:25:13.950625602Z
,48.46,26.99,49.7,26.8,47.7,27.5,49.05,27.28,2025-07-21T13:26:23.20559079Z
,48.7,26.99,50.1,26.9,47.9,27.5,48.95,27.28,2025-07-21T13:27:35.677913914Z
,48.63,27,50.1,26.9,48,27.5,48.55,27.28,2025-07-21T13:28:13.883801685Z
,48.5,26.94,49.8,26.9,47.5,27.5,48.32,27.25,2025-07-21T13:29:14.701341146Z
,47.67,26.94,49.7,26.9,47.3,27.4,48.3,27.24,2025-07-21T13:30:21.206609731Z
,47.48,26.94,49.4,26.8,47.8,27.4,47.99,27.27,2025-07-21T13:31:13.727603204Z
,47.53,26.94,49.2,26.9,47.1,27.5,48.06,27.27,2025-07-21T13:32:26.188385347Z
,47.86,26.96,49.2,26.9,46.9,27.5,48.36,27.28,2025-07-21T13:33:17.49495973Z
,48.11,26.92,49.4,26.9,47.6,27.4,48.78,27.27,2025-07-21T13:34:20.150637771Z
,47.78,26.94,49.4,26.9,47.7,27.4,47.96,27.27,2025-07-21T13:35:13.712357466Z
,48.13,26.87,49.3,26.9,47.3,27.4,48.37,27.21,2025-07-21T13:36:13.726907641Z
,48.52,26.92,49.4,26.9,47.4,27.4,48.84,27.23,2025-07-21T13:37:14.050808934Z
,48.35,26.95,49.6,26.8,47.8,27.3,48.82,27.24,2025-07-21T13:38:13.742227667Z
,48.53,26.99,49.5,26.8,47.9,27.3,48.86,27.25,2025-07-21T13:39:13.740872508Z
,48.33,27,49.7,26.8,47.9,27.3,48.98,27.27,2025-07-21T13:40:16.719352419Z
,48.23,26.97,49.6,26.9,48,27.4,48.67,27.27,2025-07-21T13:41:13.770931429Z
,47.98,26.94,49.7,26.9,47.7,27.5,47.96,27.25,2025-07-21T13:42:13.75698798Z
,48.16,26.93,49.3,26.9,47.3,27.4,48.18,27.23,2025-07-21T13:43:13.880483407Z
,48,26.99,49.3,26.9,47.5,27.4,48.84,27.25,2025-07-21T13:44:13.684751739Z
,48.1,26.95,49.4,26.9,47.7,27.4,48.29,27.25,2025-07-21T13:45:13.889965607Z
,47.94,26.95,49.3,26.9,47.5,27.5,48.44,27.25,2025-07-21T13:46:13.690095541Z
,48.4,27,49.3,26.9,47.4,27.5,48.78,27.28,2025-07-21T13:47:13.666613772Z
,48.11,26.96,49.6,26.9,47.7,27.5,48.17,27.3,2025-07-21T13:48:13.720754403Z
,48.48,26.92,49.5,26.9,47.4,27.4,48.78,27.28,2025-07-21T13:49:13.811311062Z
,48.22,26.92,49.6,26.9,47.9,27.4,48.18,27.27,2025-07-21T13:52:13.836598881Z
,48.51,26.97,49.3,26.9,47.5,27.6,48.6,27.31,2025-07-21T13:53:13.634540612Z
,48.59,26.97,49.5,26.9,47.8,27.5,48.99,27.3,2025-07-21T13:54:17.675598438Z
,48.35,26.93,49.7,26.9,47.9,27.5,48.74,27.24,2025-07-21T13:55:14.06207668Z
,48.41,26.96,49.5,26.9,47.9,27.5,48.92,27.27,2025-07-21T13:56:13.658459656Z
,48.6,26.89,49.7,26.9,47.6,27.4,48.92,27.24,2025-07-21T13:57:13.771564446Z
,48.75,26.91,49.6,26.9,48,27.4,49,27.24,2025-07-21T13:58:13.669977997Z
,48.8,26.87,49.8,26.9,48.4,27.5,48.86,27.21,2025-07-21T13:59:13.685390824Z
,48.83,26.84,49.7,26.8,47.7,27.4,49.19,27.21,2025-07-21T14:00:13.78954221Z
,49.11,26.9,49.9,26.8,48.2,27.4,49.2,27.18,2025-07-21T14:01:13.699600366Z
,49.17,26.89,49.9,26.8,48.3,27.4,49.47,27.21,2025-07-21T14:02:13.789898436Z
